GISJOIN,pop1990,mhi1990,hhsize1990,coastdist,cbddist,hhtrans1993,salesprice1993,salespricesf1993
G24000307301003,1211,49375,2.764840183,2694.022675,13278.72501,31,121745,96.84300341
G24000307501012,966,27708,2.555555556,2194.902601,6751.539371,8,88700,80.52884615
G24000307501021,1646,23800,2.592125984,2331.130505,6496.438134,13,82500,83.16532258
G24000307502012,1496,39063,2.579310345,4338.012464,8236.483774,5,95001,52.08388158
G24000307503001,894,23800,2.629411765,4619.46288,7999.5172,8,107950,75.67783094
G24000307512003,1359,35588,2.745454545,10697.67079,13895.21562,1,72400,92.46487867
G24000504001001,1569,34336,2.542949757,7538.380331,8675.488834,12,109750,80.55555556
G24000504001002,737,34336,1.721962617,6704.894039,7827.227724,,,
G24000504001003,832,34336,1.934883721,6658.489487,7674.575045,2,101450,67.89279844
G24000504002001,1409,26643,2.128398792,7615.388678,8408.603725,3,77900,70.68965517
G24000504002002,1138,40900,2.331967213,8330.676839,9196.762415,12,97500,76.06907895
G24000504004001,952,43214,2.525198939,9498.615365,10576.58676,7,115000,73.34710744
G24000504004002,1247,50714,2.976133652,8650.377131,10035.90996,12,141632,86.5074034
G24000504004003,953,57023,2.468911917,10047.42368,11083.59006,7,180000,99.32170543
G24000504004004,740,55859,2.652329749,10161.90061,11361.97177,8,127950,93.37322946
G24000504004005,549,50714,3.101694915,9369.6894,11256.53333,21,250000,92.31301939
G24000504005001,1693,62895,2.721864952,11104.24127,12488.10865,18,221535,97.8196297
G24000504006001,828,33676,2.059701493,8121.314031,8525.65978,7,85000,69.50844854
G24000504006002,1145,30417,2.26284585,8228.196085,8832.936823,6,91750,74.45008948
G24000504006003,1013,45469,2.545226131,8775.972199,9410.153951,8,132250,95.38659765
G24000504007011,1246,44132,2.286238532,8750.448815,9192.360333,6,101250,72.10477941
G24000504007012,1292,34850,1.931240658,9504.056777,9863.615684,5,118000,88.58858859
G24000504007021,1775,37349,2.701674277,8651.345565,8851.441897,3,104000,83.59375
G24000504008001,1826,34850,2.685294118,10262.06362,10797.03915,7,100000,78.76984127
G24000504008002,929,35380,2.254854369,9349.989592,10042.57283,6,114000,91.30952381
G24000504009001,1850,38705,2.493261456,11094.77308,11718.8301,4,109000,80.75617981
G24000504010001,1265,28000,3.504155125,10001.77572,10798.48979,3,95000,100
G24000504010002,1317,40114,2.82012848,10981.4749,11846.81714,3,130000,107.1225071
G24000504011011,1920,42428,3.132137031,10648.67357,10508.0983,4,96750,71.99123077
G24000504011012,1496,40873,2.514285714,10432.28896,10579.65352,12,99500,72.57621009
G24000504011013,2030,35652,2.509270705,9993.361464,9773.757636,16,99250,84.07642244
G24000504011014,1077,42428,2.71969697,11159.04875,10950.99656,7,105900,74.87091222
G24000504011021,853,35652,2.111386139,10882.80157,10331.28331,,,
G24000504012001,1136,42125,2.62962963,10308.4399,9526.199914,8,86450,62.85348299
G24000504012002,1717,41250,2.528718704,10512.33651,9505.189302,12,90000,65.18541012
G24000504013011,1754,39855,2.583210604,9217.844009,8931.207057,11,82000,72.80701754
G24000504013012,973,41932,2.78,9502.609058,9425.556933,7,86000,63.80208333
G24000504013013,981,46250,2.5546875,9630.025733,9721.366147,12,91450,74.5426015
G24000504013021,1777,31469,2.210199005,8789.975818,8706.922835,5,81000,71.2962963
G24000504013022,695,36875,2.473309609,9120.432821,9041.835017,3,84000,66.25
G24000504014001,1503,50854,2.683928571,12706.93471,13733.10952,5,150000,78.68369352
G24000504015031,1187,47139,2.66741573,13578.50262,13993.64652,12,148500,99.9547716
G24000504015032,1241,49259,2.537832311,12691.68161,13426.04092,6,159950,89.9553901
G24000504015033,812,51332,2.697674419,13720.66162,14352.34346,9,128900,92.20116618
G24000504015034,787,40781,2.406727829,13914.77124,14786.99635,8,128950,93.75099875
G24000504015035,1287,47139,2.543478261,12106.98271,12665.96019,10,147450,90.56687903
G24000504015041,1869,62640,3.048939641,13549.37423,13510.81381,13,137900,96.85534591
G24000504015042,1717,58264,3.012280702,12365.36392,12620.93085,16,153450,79.77231363
G24000504015043,2133,58264,2.669586984,13396.11843,13523.12824,10,114000,79.81283422
G24000504015051,889,48654,2.840255591,11805.68632,11678.31646,1,119900,71.28418549
G24000504015052,1443,34850,2.301435407,11129.71471,11412.1895,10,104000,83.19384873
G24000504015053,950,42708,2.473958333,11592.15103,11691.3872,7,122000,100.9389671
G24000504015061,737,33578,2.424342105,14579.50454,14190.02093,,,
G24000504015062,412,33578,2.340909091,14796.30309,14627.48197,49,110950,96.87711864
G24000504015063,409,33578,2.337142857,14279.04994,13984.2169,19,91105,82.76450512
G24000504015071,1026,42266,2.571428571,12529.00481,12038.22903,12,83450,60.67493113
G24000504015072,1691,39022,2.566009105,13235.83369,12867.88992,16,95000,62.83244681
G24000504015073,800,33578,1.951219512,13057.28439,12811.63549,,,
G24000504015074,1349,35280,2.141269841,13563.05916,13307.92112,,,
G24000504022011,1555,35543,2.781753131,22825.0208,21851.62039,5,152800,76.36138614
G24000504022012,1627,52346,4.139949109,25446.6011,24343.38171,3,106000,68.4079602
G24000504022021,1163,36812,2.755924171,18773.44309,18332.89245,7,174000,93.21401939
G24000504023021,1077,38750,2.346405229,16153.70202,15014.97448,6,100500,81.44235201
G24000504023022,2459,36745,2.577568134,17259.22151,16148.23918,6,100650,73.25188191
G24000504023031,1177,30938,2.406952965,14151.28491,12941.37614,1,40000,29.94011976
G24000504023032,1093,45735,2.914666667,14060.34473,12980.3882,1,82500,64.453125
G24000504023033,958,31808,2.624657534,14666.20042,13417.59212,2,97000,55.02739399
G24000504023034,1232,37974,2.42043222,15744.06549,14497.64473,25,89888,71.66392092
G24000504023035,1496,43309,3.022222222,15116.10274,13970.1666,5,75000,69.07894737
G24000504023041,1608,36837,2.791666667,13134.45257,11819.4409,4,87000,64.86679411
G24000504023042,1097,51273,2.941018767,13347.50494,12191.3144,3,87500,47.68392371
G24000504023043,1270,41364,2.822222222,13874.95829,12569.91143,7,72000,55.76923077
G24000504023051,867,46964,2.611445783,15898.82927,14224.92421,2,103250,97.22443566
G24000504023052,1006,34185,2.158798283,14249.29027,12805.37289,,,
G24000504023061,2580,35183,2.643442623,17028.00154,15699.48076,8,81550,55.84608155
G24000504023062,946,36774,2.401015228,16803.56618,15367.44447,6,102000,85
G24000504023071,840,36774,2.079207921,16314.90097,14819.68354,16,102408.5,85.74749722
G24000504023072,2549,31782,2.255752212,15555.5571,14169.1971,6,90950,67.88524855
G24000504023073,1534,36774,2.207194245,15941.27754,14409.82004,4,92562.5,63.00574681
G24000504024031,1034,38243,2.988439306,11137.97911,9789.948022,5,78000,62.39316239
G24000504024032,1174,32526,2.856447689,11709.1525,10436.29693,4,82450,53.81899872
G24000504024041,1813,36235,2.73453997,12500.61949,11435.67137,7,103000,84.18269231
G24000504024042,1895,32526,2.253269917,12013.03763,10870.60333,5,65000,53.10457516
G24000504024043,1556,36235,2.538336052,12606.98537,11351.11564,6,95200,80.30846143
G24000504024051,1062,31589,2.528571429,11442.96568,10625.28956,7,84000,58.11965812
G24000504024052,1919,34531,2.525,12353.37815,11473.90366,10,96837.5,85.29647436
G24000504024061,1064,36003,2.763636364,14195.23316,13450.95629,,,
G24000504024062,959,36003,2.577956989,14492.58189,13674.56535,3,55730,54.53033268
G24000504024063,1384,36003,2.582089552,14694.57827,14057.77409,1,89900,48.28141783
G24000504024071,575,51223,2.337398374,13627.5287,12772.88711,11,91500,82.92880259
G24000504024072,624,36003,2.655319149,16227.34872,15350.26817,1,106000,75.44483986
G24000504025031,1720,35278,2.69170579,19957.34741,18817.5585,1,207000,75
G24000504025032,643,49306,2.635245902,18916.82926,17909.89877,13,110190,76.47058824
G24000504025033,1341,22847,2.25,17814.698,16610.45281,,,
G24000504025041,1443,46458,2.623636364,20753.46436,19691.65434,12,90500,63.92480843
G24000504025042,1289,63544,3.151589242,20925.95281,20060.75497,14,124000,65.08843735
G24000504025051,776,34873,2.863468635,21273.92836,19935.08086,5,103896,65.35532995
G24000504025052,1813,34873,2.263420724,21161.53822,19903.40777,1,94500,80.76923077
G24000504025061,2042,48716,2.844011142,19586.64396,18240.11467,20,137555,81.3525358
G24000504025062,1522,49130,2.732495512,20234.35458,18930.00201,7,100000,94
G24000504025091,226,39788,3.183098592,20851.60765,19374.32903,15,180750,80.15086207
G24000504025092,224,50126,2.055045872,21670.63646,20127.89845,,,
G24000504025093,215,50126,2.047619048,21118.90436,19466.86438,6,170365,83.03514089
G24000504026021,881,40458,2.62202381,17785.41066,16440.45033,4,92450,55.87425779
G24000504026022,971,41953,2.638586957,18386.95192,17081.35927,15,95000,74.21875
G24000504026031,1645,56636,3.145315488,19128.53821,17694.88025,13,112000,91.33237822
G24000504026032,372,59311,2.695652174,19963.03318,18276.67721,12,110289.5,69.43824967
G24000504026033,984,59311,3,18613.97208,16950.97366,19,113500,65.625
G24000504026041,2552,61263,2.873873874,17073.07445,15443.33979,27,121000,71.24010554
G24000504026042,2668,52724,2.944812362,18042.32036,16558.99817,25,104000,74.11255411
G24000504026043,737,46016,2.6996337,18640.38615,17315.9756,8,108450,83.9453125
G24000504031001,985,47112,2.751396648,13665.3506,12118.02346,2,142500,66.46896145
G24000504031002,1276,48934,2.552,14643.46159,13062.97007,4,107250,74.9409078
G24000504032011,1890,44167,2.747093023,13786.92659,12050.47918,11,76000,59.05205905
G24000504032012,1055,37162,3.066860465,12825.96821,11071.91418,9,84000,68.65261228
G24000504032021,2302,50337,2.902900378,12327.08047,10748.27535,5,85000,66.04506605
G24000504033001,768,50603,2.445859873,14794.32055,12993.52104,3,109000,69.55177743
G24000504033002,1736,36071,2.384615385,15570.99694,13823.49751,9,86500,70.71596244
G24000504034011,1652,40000,2.300835655,15596.18911,13673.16378,17,77500,70.27540361
G24000504034012,485,40000,1.823308271,16453.07756,14534.2115,11,148340,90.48117155
G24000504034021,713,45000,1.677647059,15649.49272,13571.98822,6,100750,75.87548418
G24000504034022,1134,30265,2.164122137,14542.9207,12607.09796,8,63250,69.03012158
G24000504034023,1259,19494,1.865185185,13480.62659,11622.66591,1,79000,73.14814815
G24000504034024,1479,41797,2.289473684,13742.99507,11821.38513,5,87000,68.32298137
G24000504035001,954,49038,2.628099174,14627.83785,12188.77588,2,187500,75.22545217
G24000504035002,2040,37169,2.318181818,14056.38576,11694.14479,4,134000,78.20321848
G24000504035003,870,54710,2.529069767,14884.94492,12634.42938,4,147500,84.31927895
G24000504036011,1086,55324,2.642335766,13803.14532,11284.66704,7,120000,77.02182285
G24000504036012,385,45223,2.961538462,14383.42396,11825.74972,17,194995,113.0427807
G24000504036013,2393,45223,2.343780607,14799.97063,12141.96047,11,106000,65.34090909
G24000504036021,2049,43965,2.097236438,13430.81708,10718.82512,3,122000,83.33333333
G24000504036022,1497,43965,2.306625578,13534.92176,10921.32714,44,115500,81.65494726
G24000504037011,1200,75355,2.197802198,17497.68544,15437.55087,11,175000,88.96142433
G24000504037012,465,75355,2.924528302,17755.0523,15617.0958,8,231500,103.176927
G24000504037013,1056,28661,2.242038217,20515.39837,18498.48086,,,
G24000504037014,922,108623,2.802431611,20463.52617,18223.32895,2,275000,114.0521956
G24000504037015,1430,75355,2.504378284,18865.32112,16753.4387,10,104750,71.79054054
G24000504037021,819,45521,3.64,17810.14101,15950.65553,10,253206,93.52905761
G24000504037022,1925,45950,2.045696068,20055.08768,18161.13291,29,90400,79.61323392
G24000504038011,2009,134153,3.224719101,19718.03757,17215.75452,4,277650,87.23768926
G24000504038021,1660,134153,2.87694974,17262.05133,14888.34698,10,305000,82.26542688
G24000504038022,1279,140196,2.810989011,17401.41135,14841.00458,8,305000,94.13099957
G24000504038031,1777,76642,2.310793238,15805.91903,13422.7738,17,140000,59.07626208
G24000504038032,538,129225,2.251046025,15786.13113,13159.02367,36,106967.5,97.79065129
G24000504041011,964,40313,3.070063694,25418.42878,23762.95171,8,161129,86.63273672
G24000504041012,468,54303,3.205479452,22930.20879,21239.71004,,,
G24000504041021,1354,40313,2.78600823,24329.19732,22471.0712,37,112990,83.44030809
G24000504041022,2315,38103,2.475935829,22448.02585,20604.06396,11,83900,87.96296296
G24000504042011,2269,22654,2.275827482,24978.37864,23040.55664,,,
G24000504042012,650,57587,3.051643192,25036.27433,23042.73434,20,109297.5,78.59085035
G24000504042013,987,57587,3.163461538,25327.50842,23278.04223,12,127319,82.6630276
G24000504042021,1729,29769,2.339648173,23928.13457,21872.3732,3,130000,99.35897436
G24000504042022,140,29769,2.413793103,23328.92761,21388.18974,,,
G24000504042023,1366,29769,1.8815427,23045.67669,21063.99521,,,
G24000504042024,1778,16810,3.146902655,22493.44673,20416.57599,,,
G24000504044021,1124,44142,2.775308642,29353.84095,27217.24191,4,143391.5,82.96072089
G24000504044022,1908,44142,2.971962617,27177.25302,25087.04214,32,92450,77.8125
G24000504044023,2304,75802,3.418397626,27195.77961,25009.24205,18,208000,91.02004167
G24000504044031,892,55101,2.662686567,25928.55276,24076.62952,4,120000,92.8190094
G24000504044032,2883,29347,2.288095238,27085.60276,25230.28475,6,52782,61.16396894
G24000504044041,404,29816,2.419161677,28932.49889,27028.80902,,,
G24000504044042,1947,57380,2.797413793,29039.35729,27040.86003,21,120717,92.57352941
G24000504045011,1932,41944,2.642954856,27906.16611,25959.46995,5,114000,91.34615385
G24000504045012,1121,36310,2.896640827,27000.78139,25060.72973,2,107250,108.4114033
G24000504045013,534,38348,3.086705202,27134.25419,25130.86392,8,153200.5,77.99109721
G24000504045014,1564,38348,2.710571924,27080.89095,25050.33074,23,116000,87.02777778
G24000504045021,1675,36977,2.441690962,26211.16173,24275.57341,16,67999.5,67.69579707
G24000504045022,876,49375,3.031141869,25975.74429,23980.53121,3,114000,113.0952381
G24000504045023,1580,36977,2.696245734,25736.84069,23794.75392,10,71000,68.88474668
G24000504046001,1420,45417,2.649253731,33989.92067,31901.36588,5,135000,83.23765786
G24000504046002,991,53045,2.607894737,31616.0587,29293.60671,1,370000,117.0145478
G24000504048001,893,45417,3.006734007,30632.11229,28876.30702,8,94500,27.11900986
G24000504048002,643,50798,2.990697674,28445.48328,26849.98375,5,132475,60.7681089
G24000504049001,933,72304,3.494382022,25521.88025,23295.83829,15,288333,95.62185856
G24000504049002,1340,97251,3.152941176,23052.33935,20728.46188,5,165000,69.46167204
G24000504049003,448,72304,2.947368421,26270.77869,23838.32775,6,144187.5,40.67254495
G24000504050001,2670,42292,2.828389831,40464.8651,38905.99458,16,152000,98.67094224
G24000504050002,1732,52562,2.581222057,35344.4321,32868.62981,7,137500,62.5
G24000504060001,1221,53581,2.992647059,45038.43104,45903.99219,9,170000,66.66666667
G24000504060002,960,46016,2.909090909,44323.12849,47474.97828,3,93000,68.38235294
G24000504060003,1186,46016,2.972431078,40084.05157,42878.13292,12,153500,73.57197628
G24000504060004,1121,74098,3.386706949,37537.34591,40766.2827,6,202250,90.23879263
G24000504070011,1424,48667,2.936082474,34208.19697,35675.11642,8,171250,73.38988331
G24000504070012,1324,45988,2.648,30882.41021,34438.69811,11,249000,75.81967213
G24000504070021,1221,45988,2.90023753,40221.4569,45431.05416,14,84250,29.95842676
G24000504070022,1574,45988,3.05631068,37346.19831,43962.12416,10,81000,25.62681902
G24000504070023,1367,41458,3.004395604,33433.11755,40741.69877,6,172250,99.94668246
G24000504081001,939,80400,2.96214511,28048.93423,30635.573,4,160000,52.29007368
G24000504081002,425,49773,2.591463415,26126.39968,26693.60301,2,170000,57.9734928
G24000504081003,1575,49773,1.949257426,24724.9961,26072.20394,33,113000,85.56034483
G24000504081004,758,49773,2.043126685,23569.59883,24653.69375,16,188920,109.025
G24000504082001,938,90778,2.877300613,28984.94493,26380.15352,4,134250,43.59015321
G24000504082002,697,58222,2.72265625,29575.65104,28879.44342,3,185000,119.3415638
G24000504083021,682,102601,2.853556485,20348.39811,17727.89696,1,242000,125.5186722
G24000504083022,854,102601,3.128205128,20708.83559,17990.67954,22,183250,106.4026498
G24000504083031,1175,83342,3.272980501,25684.11146,23133.58399,9,125000,37.86198398
G24000504083032,1074,83342,3.196428571,22782.25992,20207.97568,6,252000,88.48812802
G24000504083041,503,83329,3.266233766,22909.63844,20281.87346,32,130400,99.01122636
G24000504083042,621,83329,2.943127962,25557.22492,22886.35604,2,340000,107.2141339
G24000504083043,535,83329,3.165680473,23203.69999,20538.96021,3,162000,39.58944282
G24000504084001,363,17604,4.078651685,23766.65371,21628.11826,,,
G24000504085021,2170,62979,2.948369565,17252.29343,17728.44751,10,249500,89.63468441
G24000504085022,2039,67427,2.859747546,19820.78687,20921.4102,13,162750,89.90384615
G24000504085023,1534,78166,3.25,19123.96193,21027.41912,13,153000,101.6018307
G24000504085031,1548,40781,2.276470588,21903.89165,20330.58511,17,112000,85.82589286
G24000504085032,1689,32990,2.469298246,20580.81141,19098.04723,,,
G24000504085051,2078,65223,2.741424802,19281.55731,18243.64616,8,171000,93.02280231
G24000504085052,1817,37022,2.240443896,19887.22512,17923.69355,9,185000,106.4516129
G24000504085061,1866,31625,1.724584104,20862.71193,20473.65169,1,97000,53.2967033
G24000504085062,2219,31292,1.76953748,19381.67376,19631.62937,5,134500,85.52631579
G24000504085071,1837,34220,1.833333333,20776.34361,20209.8149,,,
G24000504085072,1665,29460,1.752631579,19837.71546,19494.58309,,,
G24000504085073,1652,34220,2.067584481,20780.16997,19729.84072,6,109375,80.26960784
G24000504086011,1227,55165,2.627408994,18500.94313,17266.12507,5,149500,120.3416149
G24000504086012,838,54510,2.539393939,17711.77754,16455.50358,5,189900,91.764343
G24000504086013,897,48482,2.379310345,18114.51605,16315.67383,10,148500,107.6451365
G24000504086014,920,42446,2.446808511,18652.64132,16936.90951,3,115000,107.1428571
G24000504086021,1212,52578,2.428857715,17133.72737,15276.41792,6,140000,82.76657585
G24000504086022,935,69155,2.582872928,16854.34012,15541.19427,7,150000,92.27467811
G24000504087021,1608,56122,2.233333333,16917.43596,14370.14885,10,158500,75.55336601
G24000504087022,826,72539,2.918727915,17148.75797,14397.371,7,233000,91.04998063
G24000504087031,993,54080,2.773743017,19495.16271,17106.62354,9,162900,99.08789386
G24000504087032,1383,54273,2.297342193,20016.64737,17534.14304,39,260000,92.08178439
G24000504087033,1202,54273,2.101398601,20396.36702,17779.43704,16,154500,92.81001432
G24000504087034,1985,54273,2.141316073,20586.74126,18182.06686,19,124000,78.94736842
G24000504087041,1798,65694,2.778979907,18507.49952,16054.75987,21,138000,84.41558442
G24000504087042,1955,84970,2.866568915,18396.40632,15637.90859,16,262500,105.6622164
G24000504087043,790,65694,2.68707483,18852.31958,16266.12534,19,221520,88.12010444
G24000504088001,1116,40156,2.349473684,17604.38644,15374.03211,2,283550,85.47501711
G24000504088002,1200,39375,2.385685885,17994.85169,15659.74896,5,125000,91.8503674
G24000504089001,1216,46053,2.570824524,21963.59961,21167.23849,11,136500,91.13166485
G24000504089002,1107,58302,2.574418605,22341.94403,22658.4933,13,153700,100.1859504
G24000504101001,659,42069,2.780590717,28877.59806,35597.54331,2,202500,83.70716308
G24000504101002,1029,82139,2.796195652,24216.32182,31284.88331,2,181500,97.5775091
G24000504101003,1633,80400,3.035315985,23363.86005,27720.81311,16,307500,85.73805673
G24000504101004,2162,101241,3.14244186,19595.24724,23433.44633,23,275000,108.2251082
G24000504102001,1550,64512,3.150406504,18409.23989,27220.00651,14,307500,107.219906
G24000504102002,1373,63957,2.971861472,16347.255,24569.10854,9,227000,79.49561404
G24000504102003,1141,68041,3.026525199,16660.22811,21745.65357,1,120000,25.61366062
G24000504111011,1706,54427,2.862416107,7452.079348,22950.10307,23,107500,33.17901235
G24000504111021,793,39076,2.67003367,4456.902487,22667.85426,3,165000,61.11111111
G24000504111022,834,36513,2.647619048,3029.356764,24304.98847,3,158000,100
G24000504111023,1364,50833,2.94600432,6685.481011,25821.07664,5,120000,53.78338279
G24000504112011,880,64728,3.01369863,13565.14605,24175.54815,9,263990,82.55438984
G24000504112012,758,54283,3.081300813,14732.11876,26945.91894,3,235000,90.30544489
G24000504112013,721,43490,2.82745098,11540.30146,26771.81384,1,150000,54.70459519
G24000504112014,851,54773,2.934482759,10856.82942,24613.91751,3,249000,138.7959866
G24000504112021,1563,41734,2.821299639,13600.98307,19653.06066,14,167500,84.66691848
G24000504112022,1125,68041,2.653301887,12070.50355,20614.35723,1,125000,42.48810333
G24000504112023,931,45938,2.770833333,9850.137583,20356.59238,4,138000,54.03125028
G24000504113021,1849,48125,2.575208914,454.091187,21013.7026,7,110000,67.69722814
G24000504113031,1511,34648,2.110335196,5623.190282,18423.43272,10,76700,68.35944699
G24000504113032,1230,34648,2.733333333,5857.057424,17716.16607,12,110250,71.76528019
G24000504113033,1441,47384,2.3056,6602.098606,16302.55071,18,108480,73.31673441
G24000504113034,1416,47384,2.728323699,6086.179085,17008.7739,1,140000,79.54545455
G24000504113061,607,48511,2.90430622,7042.624284,15213.59412,35,87050,84.28423237
G24000504113062,1982,48511,2.906158358,6688.22176,15823.12547,15,121900,87.4717833
G24000504113063,860,48511,2.670807453,7784.936952,14851.5267,4,122525.5,103.2118589
G24000504113071,2019,43767,2.635770235,5627.083319,16316.1331,15,111500,83.39130435
G24000504113072,1697,43767,2.347164592,4778.223951,16923.24399,12,94250,83.4375
G24000504113081,785,51729,2.823741007,3985.083312,18193.50648,9,113000,79.54545455
G24000504113082,792,51729,2.778947368,5232.283635,17107.18634,20,117962.5,87.62244334
G24000504113083,1757,51729,3.055652174,4914.139052,17846.34085,14,140250,77.99464683
G24000504113091,1183,39286,2.538626609,4229.008858,20494.78757,5,155000,84.14239482
G24000504113092,719,52012,2.713207547,4087.151169,19528.53409,3,99900,83.25
G24000504113093,271,51729,2.765306122,2822.769052,19962.70987,,,
G24000504114041,2465,53851,2.966305656,9128.839998,15942.41615,30,110500,82.22751711
G24000504114042,856,53851,2.650154799,9962.86558,14687.99079,5,72000,79.86111111
G24000504114061,1015,46528,2.589285714,6410.021658,20058.40919,3,136500,104.4707429
G24000504114062,1312,44397,2.710743802,6525.970929,18568.39548,9,83450,85.36400404
G24000504114063,1071,44868,2.934246575,6546.377421,17664.94193,20,131840,83.76773995
G24000504114071,1320,39479,2.568093385,9435.218946,13706.6412,7,96000,76.07776839
G24000504114072,184,39061,2.787878788,9348.251055,14477.07064,3,118000,92.91338583
G24000504114073,2035,39061,2.757452575,8729.582871,13639.68857,6,94500,81.03398618
G24000504114074,2221,39061,2.520998865,8426.556334,13939.2591,12,77500,71.92234848
G24000504114075,842,35313,2.74267101,8354.557977,14207.59063,5,78000,62.5
G24000504114081,1499,39061,2.839015152,8803.450432,14497.28238,4,68761,57.19521605
G24000504114082,1464,35103,2.073654391,7638.84075,15705.04151,3,103800,89.9122807
G24000504114083,1287,39061,2.538461538,8434.176394,14902.81161,7,107000,82.61029412
G24000504114091,1124,55602,3.395770393,8077.156634,17868.6544,7,137900,82.67386091
G24000504114092,2116,55602,3.130177515,8242.821252,17059.82175,13,103500,80.73770492
G24000504114093,1451,55602,2.96122449,7895.483404,17711.19545,23,103200,80.625
G24000504114101,950,45758,2.905198777,7770.861999,16621.00649,8,95250,71.27726455
G24000504114102,1400,56326,3.16027088,7097.784159,17099.58213,18,129900,82.41155993
G24000504114103,952,45758,2.511873351,7949.226231,15944.81041,20,134057.5,85.23415978
G24000504201001,1720,30281,2.650231125,2632.570595,9938.185114,6,76000,84.15178571
G24000504201002,1209,26955,2.611231102,2549.57861,10194.96468,7,77500,77.00892857
G24000504201003,770,29167,2.475884244,2650.79452,9574.877865,3,110000,72.75132275
G24000504202001,1746,34267,2.62556391,3014.057648,9764.532527,8,73750,76.35168651
G24000504202002,850,32131,2.328767123,2261.193625,10432.51616,5,79000,83.70535714
G24000504203011,2116,33059,2.36689038,1791.463904,10996.97886,3,53000,59.15178571
G24000504203021,965,36635,2.532808399,2024.991732,11186.4115,3,68500,66.89453125
G24000504203022,1866,36900,2.911076443,2346.187387,10754.82651,5,67000,72.19827586
G24000504203031,1572,36851,2.637583893,2570.762112,10786.93931,2,101450,78.82501863
G24000504204011,1961,34875,3.059282371,2849.581533,11284.19796,8,62450,58.06010361
G24000504204012,2225,32131,3.047945205,2836.688184,11128.38451,4,73450,68.26636905
G24000504204013,1221,36528,3.0525,3011.608443,10800.15765,6,66750,66.71626984
G24000504204014,1343,42372,3.087356322,3205.073082,10359.52191,4,68250,68.16351541
G24000504204021,1127,32131,2.578947368,2445.705581,11613.65905,3,67500,75.33482143
G24000504204022,1111,34038,2.841432225,2883.430027,10638.39589,7,75000,65.10416667
G24000504205001,2141,28750,2.430192963,4180.106227,7440.799658,12,76000,75.26506696
G24000504205002,1341,36667,2.520676692,3774.701774,7432.234065,7,76000,74.73749228
G24000504206001,2312,26940,2.967907574,3355.886798,8521.830888,8,77750,72.32481061
G24000504206002,1021,32917,2.968023256,3183.19473,9042.466756,3,65000,63.4765625
G24000504206003,1398,41765,3.141573034,3815.486696,8196.739075,7,69000,65.91796875
G24000504207011,2826,28066,2.297560976,3720.098933,8594.544944,7,75000,72.20982143
G24000504207021,2395,26538,2.534391534,3007.654544,7646.328797,9,85000,66.2116041
G24000504208001,1109,34013,2.520454545,3278.758378,9039.549418,3,65000,69.3359375
G24000504208002,1074,30268,2.424379233,2726.308259,8916.127271,5,77900,76.07421875
G24000504208003,1288,35042,2.661157025,2613.888259,7920.829045,3,85000,60.95551895
G24000504209001,1640,28138,2.116129032,2205.388377,8215.056665,2,65450,56.42241379
G24000504209002,1346,28138,2.534839925,1945.095658,8316.454187,2,64950,75.17361111
G24000504209003,966,22750,1.861271676,1754.441842,8626.611865,4,71250,61.43501398
G24000504210001,1986,28138,2.02034588,1567.974009,7998.459093,4,54500,57.90629584
G24000504211011,1604,30208,2.161725067,1730.429792,9303.021585,3,55000,42.56965944
G24000504211012,1363,35380,2.126365055,1348.39655,8957.155528,2,96650.5,59.80725117
G24000504211021,1515,29735,2.612068966,1071.412708,9774.140866,6,80000,59.84428125
G24000504211022,961,32109,2.378712871,575.8139367,8972.264567,4,80190.5,79.61205697
G24000504212001,1243,25372,2.639065817,1582.914767,10089.84685,5,74500,69.05370844
G24000504212002,774,36000,2.614864865,1231.390742,10818.10203,4,83950,60.66943906
G24000504213001,1187,25263,2.478079332,798.7943524,10446.57067,1,89300,79.37777778
G24000504213002,1182,22266,2.638392857,430.9162415,10954.77689,,,
G24000504213003,1325,22266,2.562862669,201.0174778,10595.14608,3,46000,36.10675039
G24000504301011,2546,26076,2.770402612,3026.262135,6307.104652,,,
G24000504301012,1804,32500,2.762633997,3127.195169,6482.981207,7,78000,75.68359375
G24000504301041,1050,32500,2.720207254,3343.33285,6819.004265,3,85000,85.20761246
G24000504301042,1683,36125,2.857385399,2392.904526,5825.428628,7,95000,75.89285714
G24000504302001,889,28187,2.525568182,2781.959717,5559.683454,5,78200,72.42063492
G24000504302002,1025,36898,2.755376344,3497.586443,6171.439933,23,105000,76.60809019
G24000504302003,680,36898,2.753036437,3235.285419,6126.201539,2,89000,77.17893893
G24000504303001,1525,33500,3.137860082,3948.255757,7155.257782,6,72750,67.88509465
G24000504303002,1780,24286,3.122807018,3453.563266,6645.902475,4,62500,59.6690419
G24000504303003,1106,40542,2.97311828,4207.318024,7196.313166,6,74750,68.95365919
G24000504303004,1419,24286,2.793307087,3402.999635,6464.960682,2,61000,47.57106051
G24000504304001,1101,33482,2.602836879,4499.677726,6607.918188,5,77900,62.78538813
G24000504304002,1355,36800,2.84067086,5508.595822,7804.960052,7,109200,92.46401355
G24000504304003,1684,36888,2.797342193,5660.579458,8364.372245,17,100000,72.11538462
G24000504306001,1663,46836,2.735197368,7146.443831,9726.218868,8,122750,72.04795196
G24000504306002,938,54540,3.158249158,8190.983872,10763.22314,,,
G24000504307001,932,35326,2.402061856,6385.257934,8646.840774,7,108300,75.6718529
G24000504307002,2142,42004,2.565269461,7475.752903,9769.787958,19,104000,80.88235294
G24000504307003,1345,39271,2.490740741,7215.429016,9333.059966,7,92900,90.72265625
G24000504308001,1368,29494,2.383275261,6237.128625,8117.985933,6,90250,72.6010101
G24000504308002,1183,40109,2.485294118,6859.658163,8418.740715,11,89500,77.69097222
G24000504308003,1097,39861,2.649758454,6830.576952,8772.023421,8,97100,79.7959225
G24000504309001,1912,31765,2.594301221,5803.368423,7285.562067,11,102500,61.01190476
G24000504309002,1009,19773,2.097713098,6264.971579,7607.00704,3,91000,84.82142857
G24000504309003,2020,24219,2.531328321,6665.97006,8114.879795,3,92500,80.29513889
G24000504401001,1206,36884,2.644736842,8928.793512,12817.56116,5,105000,70.15130674
G24000504401002,1364,39688,2.648543689,8309.805146,12176.56284,9,110000,83.70535714
G24000504401003,1007,27500,2.486419753,8383.210225,11456.32377,5,95900,70.72368421
G24000504401004,987,33158,2.401459854,8770.359717,12016.74626,4,82250,54.23564268
G24000504402001,772,35000,2.304477612,6727.752674,10773.9074,2,114000,81.43610114
G24000504402002,1943,43424,2.771754636,7397.553153,11856.0638,8,124250,90.55802709
G24000504403001,1718,39061,2.144818976,7862.680921,13062.08118,11,98000,75.52083333
G24000504404001,1262,35000,2.494071146,6197.037811,10750.83372,7,89000,70.32348805
G24000504404002,1218,34219,2.700665188,5318.579458,10602.17316,4,90250,83.54107312
G24000504404003,2117,36583,2.749350649,5094.178839,9708.196205,11,79900,86.07594937
G24000504404004,1033,33609,2.662371134,5809.39397,10148.91689,7,80000,66.95156695
G24000504405001,2170,37336,2.543962485,5461.913326,11570.9411,14,96500,80.06162251
G24000504405002,866,36250,2.640243902,6300.057289,11411.16276,2,99250,86.99521073
G24000504406001,967,37799,2.656593407,6754.762022,14489.39665,5,98000,79.58333333
G24000504407011,1603,30208,2.990671642,4027.097582,12305.22789,3,75400,87.96068796
G24000504407012,2211,37799,2.35212766,4847.851481,13789.8522,7,120000,109.78957
G24000504407013,1255,30208,2.245080501,3962.730606,12924.07248,4,73250,65.72627315
G24000504407021,1325,39797,2.715163934,5193.717654,15482.42663,12,84950,75.49283154
G24000504407022,631,39797,2.685106383,5732.054874,15395.59031,40,112582.5,88.14348118
G24000504408001,2001,35536,2.203744493,6010.512212,12737.53846,1,115000,72.41813602
G24000504409001,1245,39583,2.441176471,3850.678954,10828.13623,6,128692.5,98.21912072
G24000504409002,1597,30208,2.25884017,3820.423854,11475.62517,1,125900,136.2554113
G24000504410001,2420,45699,2.972972973,4423.45781,9368.042391,15,78500,66.30067568
G24000504410002,1801,35224,3.906724512,4250.710306,8554.125452,,,
G24000504411011,1086,41250,2.579572447,2929.377206,10215.16065,5,117000,79.03055848
G24000504411012,1149,42273,2.542035398,3601.290944,10368.45213,8,113500,97.11768127
G24000504411021,1026,48682,2.85,3726.880286,9572.97006,8,108000,81.49213121
G24000504411022,1008,47500,2.659630607,3195.304979,9343.047992,4,115500,73.46440923
G24000504411023,1006,42857,2.802228412,3470.131142,8872.942666,3,87900,85.40540541
G24000504411024,1514,42500,2.656140351,3745.418878,8217.287077,6,68828,74.48304062
G24000504501001,1493,35039,2.556506849,2373.221393,10536.01783,4,103950,92.1790975
G24000504501002,1215,31944,2.742663657,2912.38548,8487.601744,8,84000,66.32102047
G24000504501003,1026,43295,2.685863874,1394.108622,10880.46262,3,80000,65.8436214
G24000504502001,1250,34493,2.659574468,949.216314,11859.1967,1,74000,39.15343915
G24000504502002,1144,39598,2.642032333,385.305932,11608.25086,3,90000,66.0421875
G24000504502003,1160,34493,2.505399568,112.0370763,11285.82566,6,69500,63.28473315
G24000504503001,1940,26444,2.26635514,1554.575343,13091.15594,12,115920,85.31561937
G24000504503002,1328,32944,2.682828283,488.5409062,12241.80183,8,79000,57.64447479
G24000504504001,721,37237,2.59352518,534.1055548,12193.85814,6,89500,87.46258905
G24000504504002,1833,27731,3.019769357,343.1296082,11913.49737,10,90950,69.55380577
G24000504505011,1378,21667,2.159874608,1042.151047,13640.45107,6,82200,74.68349739
G24000504505012,1674,31497,2.337988827,94.49354713,13277.09357,9,89000,64.96350365
G24000504505013,1065,26500,2.151515152,115.7128455,12764.47112,5,95500,88.42592593
G24000504505031,870,31497,2.485714286,530.4260572,13998.45122,3,73000,65.41218638
G24000504505032,2921,31497,3.202850877,597.2825894,13692.42394,7,74900,65.01736111
G24000504505033,1939,31497,2.435929648,232.1484796,13782.15362,7,58000,70.81339188
G24000504505041,900,35202,2.950819672,842.0821438,14255.07968,1,62000,61.50793651
G24000504505042,2273,25880,2.189788054,468.0131593,14406.57132,,,
G24000504505043,2008,22554,1.833789954,75.43553165,14471.78187,,,
G24000504508001,249,24647,1.276923077,915.3959076,15030.24109,,,
G24000504508002,2712,24647,2.928725702,1238.944264,14760.69921,7,80000,69.85294118
G24000504508003,2502,10131,2.235924933,1635.903007,14371.41997,1,71500,100.2805049
G24000504509001,1733,41875,2.742088608,410.4430011,15794.88722,7,126500,106.1745514
G24000504509002,2015,38676,2.616883117,262.2334908,16719.71296,15,100000,72.5
G24000504510001,904,29437,2.731117825,438.1380195,17776.23807,3,140000,43.19955407
G24000504510002,818,40536,2.493902439,147.3980122,16619.49642,2,112500,65.51355593
G24000504511001,1614,22554,2.977859779,436.5501034,14425.88606,5,114900,102.5892857
G24000504512001,2309,39156,3.006510417,3426.039412,13382.76575,11,119000,81.48558758
G24000504512002,2259,39156,2.46346783,2565.417864,14274.65655,8,81000,90.81017123
G24000504513001,2353,29485,2.495227996,3682.625745,14647.09684,5,75000,61.47540984
G24000504513002,1196,15613,2.440816327,2757.035682,14856.53278,4,56000,69.83665559
G24000504514011,1577,29077,3.192307692,3328.376046,15881.37229,6,74200,66.85763889
G24000504514012,1248,29077,2.672376874,2991.424936,15519.23362,,,
G24000504514021,1514,29077,2.732851986,1740.31646,16611.36558,8,63500,71.28669794
G24000504514022,849,29077,2.234210526,2868.427153,15949.57564,,,
G24000504514023,2245,29077,2.731143552,2579.844692,15936.27384,7,92000,75.08361204
G24000504515001,2062,35556,2.920679887,789.073748,15583.84977,8,73400,70.27452257
G24000504515002,1099,32011,3.466876972,53.43103828,15895.4764,1,53000,51.96078431
G24000504515003,1137,37702,2.713603819,618.110495,15668.94546,3,85000,65.63706564
G24000504516001,664,30093,2.228187919,648.272389,17454.55811,,,
G24000504516002,1885,28594,2.395171537,332.0520829,16354.19434,3,125000,73.63927428
G24000504517011,1124,33864,2.688995215,3497.46125,19044.76502,5,102090,82.38050609
G24000504517012,666,42440,2.846153846,4409.142857,16881.49217,2,112500,43.28753305
G24000504517021,716,28917,2.68164794,1362.240721,20865.56033,2,137295,98.1993843
G24000504517022,1104,40636,2.773869347,284.8284286,23419.54983,9,135000,92.18203034
G24000504518011,809,47976,2.963369963,72.35060721,24149.65868,4,80200,84.4284188
G24000504518012,1111,53611,2.962666667,708.9970464,23981.71585,7,117900,76.09365373
G24000504518013,1643,53611,3.071028037,1906.285934,22899.59436,10,113875,74.11896669
G24000504518014,3033,25167,2.762295082,1306.123588,21540.89155,1,60000,27.67527675
G24000504518021,1122,30093,2.567505721,396.3434056,18768.81717,5,170000,74.03581267
G24000504518022,1078,39583,2.483870968,468.4618047,23020.88875,5,155000,93.50935094
G24000504518023,1641,30093,2.093112245,1957.406304,19705.51646,,,
G24000504518031,1553,35770,2.860036832,264.8633214,20713.76895,19,84500,72.68518519
G24000504518032,1906,35770,2.449871465,1239.270443,19461.1208,2,110250,105
G24000504519001,669,35938,2.441605839,829.8285772,16939.12701,1,110500,79.38218391
G24000504519002,713,32378,2.583333333,382.5442244,21728.82225,2,235000,120.3571429
G24000504519003,1599,32378,2.961111111,668.2026263,16831.25994,9,79000,55.47752809
G24000504520001,1022,40417,2.732620321,951.1291918,15168.35298,6,112250,106.9545675
G24000504520002,1422,37035,2.844,1619.649608,15192.57027,6,99000,70.2873178
G24000504521001,1764,39727,2.769230769,641.9772751,16011.10189,6,115250,62.38492431
G24000504521002,1114,28750,2.743842365,742.0204746,15364.86901,3,65000,42.95704296
G24000504521003,900,35855,2.795031056,1196.883666,14718.99755,2,92000,100.503689
G24000504523001,1540,28382,2.636986301,2922.746439,8597.377191,2,62500,59.51605903
G24000504523002,1523,28382,2.492635025,2755.778444,8696.995813,4,65950,73.2328869
G24000504524001,1236,29643,2.681127983,1578.60158,10442.08369,3,65000,72.54464286
G24000504524002,1207,36172,2.453252033,987.7351964,13207.58965,1,135000,94.27374302
G24000504525001,1211,29643,2.777522936,1313.793131,12068.04255,4,77000,57.59178411
G24000504525002,2546,38250,3.056422569,1189.937048,12292.2075,13,67000,65.4296875
G24000504525003,750,29643,2.688172043,1269.514147,12912.71119,,,
G24000504901001,1663,68041,2.907342657,13585.59353,15651.69941,12,230000,105.8732059
G24000504901002,911,70446,2.719402985,15414.09762,16254.04798,4,311120,110.0349124
G24000504901003,1498,76766,2.52613828,14363.01795,14430.2645,6,209500,102.6440096
G24000504902001,899,44808,2.659763314,15874.36699,14579.14514,6,162000,97.61860717
G24000504902002,919,47031,2.477088949,16301.16815,14401.2365,8,145000,77.1108922
G24000504902003,1001,50923,2.662234043,16429.51937,14231.44721,2,106500,77.42946708
G24000504903011,1195,25882,1.788922156,14896.87005,13099.44422,2,105500,79.92424242
G24000504903012,2452,34129,1.818991098,15829.41886,13622.76745,6,158500,88.22342496
G24000504903013,1491,38074,2.946640316,15460.07581,13602.47978,5,112000,81.41891892
G24000504903021,1168,43661,2.056338028,13097.46231,13129.23113,1,146000,81.79271709
G24000504903022,2020,45525,2.966226138,14250.71349,13456.94021,6,148500,80.68647541
G24000504904001,1015,84970,2.664041995,16464.95696,13709.37154,17,350000,198.8862371
G24000504904002,616,99363,2.545454545,14610.2695,11833.17263,,,
G24000504905001,604,88187,2.684444444,16024.45628,13463.45684,3,300000,111.5241636
G24000504905002,1555,83305,2.578772803,14490.59334,11881.19256,19,300000,95.93563029
G24000504905003,1127,43965,1.966841187,12939.77588,10129.60472,11,178900,84.50704225
G24000504906011,1025,47014,2.389277389,12084.26255,9805.991936,5,124900,91.91176471
G24000504906012,1004,52072,2.516290727,11772.9173,9487.864395,10,133000,92.93874467
G24000504906021,1179,49435,2.519230769,12610.57434,10457.03673,10,120250,92.61924342
G24000504906022,1556,32165,1.728888889,12347.15861,10040.08913,16,123000,91.56332672
G24000504906031,1402,39100,2.65530303,12925.67497,10535.57664,7,128000,101.9736842
G24000504906032,710,66708,2.65917603,12244.03434,9734.56892,9,275000,124.8771499
G24000504906051,579,18365,2.783653846,13579.13982,11298.16104,,,
G24000504906052,2728,18365,0,13751.1297,11697.31605,,,
G24000504907011,1113,52846,3.905263158,15306.83053,12958.87878,7,170000,104.1975309
G24000504907031,1328,59286,2.432234432,14653.85025,12581.16549,9,166000,97.76207303
G24000504907032,1218,47500,1.939490446,14343.20788,12157.29643,1,197000,63.18152662
G24000504908001,1006,45278,2.383886256,12918.16941,11333.97001,11,150000,86.12662942
G24000504908002,2098,40750,2.282916213,13142.89115,11268.16751,6,159500,92.58239885
G24000504909001,1463,38235,2.394435352,13510.76685,12335.88443,5,146000,80.65720687
G24000504909002,1834,20964,1.514450867,14102.71044,12439.17798,5,102500,73.10984308
G24000504909003,1019,38235,1.862888483,12772.93992,11956.72696,,,
G24000504910001,774,59243,2.824817518,11963.12698,10243.53469,6,162250,90.05554362
G24000504910002,1435,65680,2.858565737,12149.39709,10193.06247,10,205000,106.2196809
G24000504911001,958,42734,2.365432099,11242.60974,9631.293025,9,108000,76.39508929
G24000504911002,1095,32875,2.212121212,11433.12152,9446.098869,5,154000,92.92565947
G24000504911003,1055,46689,2.664141414,11692.14421,9746.223389,7,133500,85.98726115
G24000504912011,1093,31161,2.221544715,12391.0292,12620.7619,10,76500,79.78494624
G24000504912012,871,51878,2.639393939,12408.67499,12209.44855,4,112250,82.37847222
G24000504912021,1392,30682,2.371379898,11937.07198,11855.23848,8,102450,89.04224046
G24000504912022,678,30682,2.465454545,11855.03294,11531.60021,7,123500,85.76388889
G24000504913001,1318,50154,2.505703422,12030.72533,10742.57001,12,135750,88.07451093
G24000504913002,1783,30682,2.026136364,11713.92051,10870.85946,3,100100,76.484375
G24000504914011,1277,22917,2.740343348,10547.45107,10522.63642,4,77250,65.15824226
G24000504914012,1551,33000,2.371559633,11110.71038,10734.64372,8,78450,68.09895833
G24000504914013,2245,24366,2.059633028,10614.29233,10081.1003,,,
G24000504914021,1685,34548,2.865646259,10105.19011,10794.14164,8,69859,62.33723958
G24000504914022,1421,36721,2.492982456,10666.58966,10919.9251,11,73000,65.01736111
G24000504915001,1146,33816,2.343558282,10989.38281,11901.30975,6,82250,83.71985855
G24000504915002,1231,40982,2.564583333,10896.52774,11376.16899,8,100000,78.125
G24000504915003,1643,30707,2.01595092,11303.31224,11663.91616,4,107000,78.7109375
G24000504916001,794,32885,3.378723404,11863.98388,13121.53592,6,80500,76.02086534
G24000504916002,1427,30443,2.464594128,11471.61695,12694.3162,8,79750,73.80525687
G24000504916003,1018,34231,2.495098039,11197.59126,12311.9239,5,81500,78.0651341
G24000504917011,1399,30833,2.113293051,11147.02989,14134.94801,1,169000,82.84313725
G24000504917012,1301,41250,2.115447154,11587.32711,14140.10213,11,100000,80.35714286
G24000504917013,795,41250,2.598039216,12188.43695,14276.70188,15,133000,93.1372549
G24000504919001,1026,37500,2.437054632,10143.01417,13686.8241,5,95000,85.2965069
G24000504919002,791,44375,2.234463277,10623.69964,13367.14354,9,119900,97.63033175
G24000504920011,760,32885,2.685512367,11036.26641,12742.8432,3,86000,56.81818182
G24000504920012,748,35664,2.180758017,10428.71937,11826.91399,2,124950,98.92116247
G24000504920021,826,42321,2.828767123,10633.93117,12836.3113,2,92450,76.08940972
G24000504920022,1065,42829,2.572463768,9839.215993,11548.89926,3,96000,83.33333333
G24000504920023,1007,39038,2.474201474,9925.262635,11884.18654,2,64100,47.83487196
G24000504920024,1247,41154,2.576446281,9773.967862,12046.45288,8,92000,74.15029762
G24000504921011,765,35919,2.533112583,9806.334246,12858.19086,2,112450,85.44694265
G24000504921012,1009,25417,1.627419355,9797.14402,12472.68247,,,
G24000504921013,895,43796,2.57183908,9340.682967,12198.39909,8,119500,87.95934721
G24000504921014,1037,32147,2.474940334,9033.716257,11591.05331,5,95000,63.84408602
G24000504921021,1036,34028,2.437647059,8976.797613,10957.02248,7,94500,64.67661692
G24000504921022,1220,32551,2.590233546,9563.177527,10679.01836,4,86950,63.90091637
G24000504922001,1458,47171,2.745762712,10380.31748,16049.32283,6,153500,83.53497415
G24000504922002,2272,36557,2.381551363,10527.89665,14337.57696,10,108000,77.89855072
G24000504922003,893,36557,2.266497462,10499.17875,15004.65094,9,97000,76.98412698
G24000504923001,1462,32500,2.833333333,2424.567738,13730.68904,13,72000,66.75347222
G24000504923002,3782,15644,2.422805894,1871.067142,14570.8479,4,80037.5,78.56935763
G24000504924011,1956,39788,2.872246696,22200.64438,20906.24361,6,87500,60.03501757
G24000504924012,26,50875,2.6,22470.71326,21061.43303,19,167950,84.06043956
G24000504924021,41,39788,2.5625,22745.23937,21286.11268,,,
G24000504924022,36,50126,2.571428571,22814.7262,21199.9253,27,117500,96.534375
G24000504925001,1352,40109,11.96460177,7534.255012,9231.645191,,,
G24000504925002,760,50714,0,8425.740883,9599.16313,,,
G24000504926001,417,44375,27.8,10545.87093,17126.79743,,,
G24000504926002,1256,41734,2.347663551,11743.04308,15780.84833,15,132400,81.1752988
G24000504926003,2083,41734,2.353672316,11156.59468,15364.31957,6,112500,76.52179692
G24000509800001,11,23750,#N/A,1219.244121,13596.63421,,,
G24000509801001,0,29821,#N/A,2883.226411,6555.449902,,,
G24000509802001,2,0,#N/A,6052.276166,8995.700408,,,
G24001305041002,2110,45189,2.976022567,36878.28431,34994.11249,19,129900,81.1875
G24001305042014,1169,42891,2.879310345,33972.68062,32285.683,7,153000,92.53472222
G24001305042022,1391,51652,3.077433628,34090.18226,32633.55481,4,115000,55.66994586
G24001305051023,1355,51652,2.793814433,30163.83478,28922.19453,11,135500,90.14951627
G24001305052061,876,58800,3.151079137,27847.46594,27179.36221,7,162900,85.98647818
G24001305062004,1224,37250,3.075376884,48840.52176,48169.55264,6,165250,79.10593913
G24001305081011,1399,49471,3.028138528,46526.57256,44152.67649,12,83750,60.9108474
G24001305081013,1117,40347,2.556064073,43625.12522,41274.35185,10,110950,81.14510924
G24001305081021,1565,40347,2.520128824,42263.16109,39939.9995,11,99000,84.06432749
G24001305081022,296,40347,2.487394958,41174.91065,38865.25585,40,101690,77.82809803
G24001305082003,862,51391,2.962199313,40131.03585,37959.07093,8,146650,70.17168267
G24002503012011,991,50833,2.768156425,5979.608871,27634.78668,5,142500,119.5652174
G24002503013012,1014,39375,2.696808511,3594.379231,26844.77423,3,125000,101.2334802
G24002503014014,1571,48125,2.736933798,470.2279553,25080.65105,14,121500,86.33584396
G24002503033003,1453,67641,3.091489362,14081.74972,29560.8296,12,168450,103.6679726
G24002503033004,999,48125,3.045731707,11678.04057,28745.97537,5,142500,87.85450062
G24002503034003,1402,56412,2.933054393,9268.163748,28143.52558,5,143500,74.42946058
G24002503042011,1053,58840,2.908839779,25396.08519,34901.12276,8,171250,85.2375498
G24002503042012,2514,60898,3.186311787,19843.19615,30771.85157,12,232750,98.48651275
G24002503042015,1096,60898,3.044444444,16140.82442,29355.30241,5,147000,97.82608696
G24002706011041,523,55309,2.811827957,11495.39052,13524.43608,4,210500,108.669904
G24002706012013,238,51614,2.674157303,9724.437888,12350.63735,14,225838,96.81891369
G24002706012014,1271,45208,2.895216401,9501.331977,12350.65643,13,146000,92.5257732
G24002706021001,606,66719,3.206349206,21205.17079,21224.82397,5,267000,111.8972332
G24002706021002,904,66719,3.228571429,20183.91504,20280.74049,16,251502.5,90.68058584
G24002706021005,545,50098,2.766497462,16893.95847,16891.39192,3,171500,106.0606061
G24002706026002,934,30245,2.616246499,15662.37876,15887.60135,13,188000,88.88126287
G24002706027001,354,69725,3.105263158,13985.78034,15216.43593,5,151490,88.11305071
G24002706028001,1790,46677,2.671641791,16083.52119,16830.99461,10,128000,88.61815473
G24002706029002,2103,30245,1.972795497,14903.81779,15358.36524,3,289900,107.7140169
G24002706030011,865,55196,3.203703704,25328.26158,25157.64293,3,215000,87.68352365
G24002706030012,193,66719,2.608108108,22348.06125,22269.56631,4,310172.5,89.02522787
G24051000101001,1454,24000,2.322683706,1110.858321,3396.983644,6,49000,35.84361761
G24051000101002,1033,23913,2.255458515,891.7563247,3466.242558,9,48500,39.95901639
G24051000101003,1020,30156,2.428571429,603.7248148,3590.952133,6,53250,38.80718954
G24051000102001,955,26369,2.369727047,1888.704124,3446.736198,10,38750,29.0250184
G24051000102002,650,29327,2.280701754,1424.277175,3506.359807,5,60000,47.58471521
G24051000102003,1061,26500,2.169734151,1345.441101,3285.609582,9,47000,47.76422764
G24051000102004,765,20139,2.436305732,1750.673814,3281.103794,9,42000,27.35042735
G24051000103001,914,21071,2.130536131,1826.324243,2827.217858,7,51000,46.0106383
G24051000103002,1504,27581,2.289193303,1552.624318,2714.971191,10,31250,29.6500179
G24051000104001,998,34423,2.150862069,1129.225674,3036.315817,10,54000,41.00299736
G24051000104002,1221,34423,1.827844311,1265.583589,2817.333221,10,140762.5,108.0724967
G24051000105001,936,25833,2.098654709,2268.40127,2301.355597,4,43500,20.88178558
G24051000105002,1032,25833,2.158995816,1998.204208,2357.649818,4,26000,16.950162
G24051000201001,862,20893,2.455840456,2443.450034,2070.725353,1,36000,31.57894737
G24051000201002,1286,25375,2.18707483,2174.19904,2093.737995,6,59500,51.28964637
G24051000202001,764,22868,2.448717949,2604.5008,1791.938459,6,40250,20.3850799
G24051000202002,1152,17386,2.304,2336.151282,1818.853849,8,77500,59.95460972
G24051000203001,804,9441,1.778761062,2001.545563,2024.495112,6,31250,26.57657658
G24051000203002,609,30536,1.807121662,2063.034868,1625.944686,3,115000,96.15384615
G24051000203003,552,34643,1.774919614,1751.187228,2142.377674,2,200000,91.44820718
G24051000301001,1233,10795,2.470941884,2615.17055,1423.787517,,,
G24051000301002,427,47639,3.259541985,2962.905427,1430.280234,1,47500,17.83033033
G24051000302001,2034,9279,3.752767528,2939.354279,892.8644197,2,80500,54.93461633
G24051000302002,680,9279,1.878453039,2422.078701,1133.393843,6,131902,82.71667214
G24051000401001,683,28750,4.295597484,3013.768007,0,,,
G24051000401002,1000,33950,1.447178003,3335.971768,579.0058765,,,
G24051000402001,1497,8022,3.981382979,3208.544976,1027.856781,,,
G24051000601001,637,28438,2.757575758,2487.34734,3399.622578,2,37000,32.8522896
G24051000601002,1128,21359,2.512249443,2224.024132,3364.759585,4,36950,23.65473261
G24051000601003,765,23854,2.5,2252.509993,3142.178256,5,35000,25.390625
G24051000601004,716,30391,2.796875,2512.714923,3177.04966,7,30000,23.68012422
G24051000602001,622,22552,3.11,2546.361587,2997.98343,6,33950,28.94059066
G24051000602002,683,31719,2.539033457,2292.38116,2962.16223,3,55000,44.64285714
G24051000602003,805,26346,2.665562914,2344.176193,2781.394039,5,27000,20.96273292
G24051000602004,1125,18269,2.86259542,2518.385228,2646.76973,11,35000,30.8908046
G24051000602005,859,18125,3.078853047,2595.402361,2819.329478,7,21000,15.30612245
G24051000603001,1383,14844,3.474874372,2735.647,2439.23921,3,23000,20.03546099
G24051000603002,1225,28875,2.430555556,2500.279024,2393.606529,14,32750,28.56759657
G24051000604001,1313,5528,1.891930836,3021.166599,1877.794244,3,70000,60.11315417
G24051000604002,1780,12266,2.613803231,2853.673507,2141.222896,3,35000,20.63679245
G24051000701001,1384,20625,3.211136891,3052.155562,3452.297186,,,
G24051000701002,1757,24881,2.852272727,2740.665182,3363.178338,17,36900,33.06878307
G24051000702001,974,16667,3.567765568,3249.471625,3037.181609,,,
G24051000702002,1106,25191,3.252941176,3024.241255,3093.079962,,,
G24051000702003,1108,18000,3.035616438,2794.654779,3023.094231,,,
G24051000702004,769,23281,2.923954373,2857.396965,2790.80865,,,
G24051000702005,1106,10104,3.424148607,3083.069234,2866.527289,,,
G24051000703001,1199,18958,3.188829787,3015.20021,2525.30475,,,
G24051000703002,1797,19750,3.409867173,3323.569398,2637.584052,,,
G24051000704001,1082,15559,2.948228883,3373.596034,2348.371663,,,
G24051000704002,1239,20398,3.201550388,3504.114007,2103.916008,,,
G24051000704003,1038,8849,3.117117117,3657.446101,1865.348038,,,
G24051000801011,730,21196,2.683823529,5561.485213,4617.475323,5,95000,40.04854369
G24051000801012,781,26731,2.359516616,5868.93389,5253.451233,12,64400,54.33978456
G24051000801013,1068,26622,2.548926014,5583.253332,5178.798193,10,56500,44.86460717
G24051000801014,918,26319,2.372093023,5593.500579,4996.480468,7,53900,43.46774194
G24051000801021,917,20000,2.958064516,5027.901809,4636.448076,4,52450,39.89758981
G24051000801022,1847,23438,3.310035842,4684.27442,4248.83701,10,41311,44.29817276
G24051000802001,745,25750,3.065843621,4271.944984,3882.719309,,,
G24051000802002,1783,9336,3.867678959,4285.847672,3409.669039,,,
G24051000802003,1752,19722,3.859030837,4572.809728,3444.60774,,,
G24051000803011,1035,17596,3.75,3898.619521,3236.190681,,,
G24051000803012,1412,20750,3.23853211,3799.077362,3351.392742,,,
G24051000803013,1387,31513,3.382926829,3496.107173,3093.910856,,,
G24051000803021,648,23419,2.745762712,3856.157282,3910.465462,1,28000,21.875
G24051000803022,847,29766,3.245210728,3451.437779,3642.53612,1,14000,14.73684211
G24051000803023,1005,22500,2.96460177,3510.697416,3419.185909,,,
G24051000803024,1135,9103,2.409766454,3817.566741,3620.659949,3,15000,13.96190476
G24051000804001,1428,22713,3.432692308,3949.243248,3009.093117,,,
G24051000804002,1530,20250,3.583138173,3605.940257,2824.352183,,,
G24051000805001,914,18854,3.808333333,5067.646326,3403.755827,,,
G24051000805002,972,22629,3.434628975,5017.12941,3238.960207,,,
G24051000805003,987,22629,3.334459459,4828.684943,3114.213006,,,
G24051000806001,1763,17690,3.326415094,4399.940828,3034.829869,,,
G24051000806002,1196,18393,2.931372549,4694.378019,2756.647751,,,
G24051000806003,935,14800,3.202054795,4532.481727,3000.265005,,,
G24051000806004,1457,22135,3.113247863,4535.110782,2766.403248,,,
G24051000807001,1745,11250,3.355769231,4307.04542,2444.404884,,,
G24051000807002,1839,11458,3.254867257,4103.692984,2689.554121,,,
G24051000808001,1405,24828,2.983014862,3729.065856,2464.657961,,,
G24051000808002,1894,22250,3.064724919,3953.871058,2225.548355,,,
G24051000901001,1244,28807,2.920187793,7851.001031,5636.180776,2,71250,41.03418009
G24051000901002,810,41500,2.745762712,7334.040651,5337.987707,7,65900,51.58333333
G24051000901003,1256,34732,2.766519824,7430.706804,5213.817153,5,63000,50
G24051000901004,816,9646,2.223433243,7698.631936,5284.777323,4,24500,19.61497714
G24051000901005,932,34732,2.940063091,7743.576296,5471.068013,2,55948.5,48.86274802
G24051000902001,1648,46620,2.728476821,6945.663976,5595.657734,12,72900,54.3697528
G24051000902002,1603,39464,2.676126878,6842.293912,5199.891121,13,71000,41.306
G24051000903001,626,50673,2.534412955,6875.032044,4952.548174,4,75250,54.90591398
G24051000903002,633,32043,2.74025974,6741.898039,4597.325511,2,39750,31.71815709
G24051000903003,801,39833,2.069767442,7095.389307,4952.759282,7,81500,55.05514706
G24051000903004,2337,28843,2.829297821,7158.350906,4753.568842,15,34000,26.5625
G24051000904001,1256,15469,2.644210526,6280.481114,3816.534694,,,
G24051000904002,773,10781,2.702797203,6214.927291,3607.708498,,,
G24051000905001,929,18519,3.248251748,6060.688751,3984.019107,,,
G24051000905002,1574,28933,2.756567426,6529.72843,4236.348191,8,23250,18.93304921
G24051000906001,1207,25703,3.98349835,5960.900971,4611.920024,2,33250,15.60203245
G24051000906002,2018,21146,4.212943633,5783.150091,4243.021642,,,
G24051000906003,842,22500,3.598290598,6009.632303,4417.008239,,,
G24051000906004,1313,35250,3.709039548,6227.151409,4593.414622,2,16500,11.79855511
G24051000907001,1505,21196,3.591885442,5830.772913,4097.150055,,,
G24051000907002,976,20977,3.562043796,5679.179596,3883.967949,,,
G24051000907003,1468,30512,3.359267735,5486.536551,3619.357228,,,
G24051000907004,864,18519,3.053003534,5694.070213,3634.991033,,,
G24051000908001,821,23250,3.040740741,5605.578184,3260.339078,,,
G24051000908002,939,23250,3.43956044,5285.034729,3075.172943,,,
G24051000908003,876,23307,3.604938272,5686.226184,2993.602898,,,
G24051000908004,1727,15179,3.538934426,5229.232071,2779.989723,,,
G24051000908005,1064,29018,4.01509434,5443.452959,2676.755564,,,
G24051000909001,1309,17125,3.646239554,4929.321594,2232.845932,,,
G24051000909002,809,19500,3.123552124,4464.155347,2276.315472,,,
G24051000909003,1058,15452,3.623287671,4577.733503,2135.775782,,,
G24051000909004,1487,6709,2.843212237,4785.291802,2512.356352,,,
G24051001001001,1153,21250,4.003472222,4467.622865,1667.550537,,,
G24051001001002,1476,5580,3.531100478,4474.135131,1526.184815,,,
G24051001001003,830,16196,3.097014925,4114.331693,1954.13249,,,
G24051001001004,941,26953,3.719367589,4256.454616,1777.352548,30,46692,55.58571429
G24051001002001,823,5776,2.132124352,3796.490523,1571.79407,,,
G24051001002002,1520,12375,2.567567568,4012.691526,1523.784434,3,34000,24.21652422
G24051001002003,1225,12222,4.880478088,4087.31935,1295.076603,,,
G24051001003001,5538,31667,0,4091.381794,1162.822293,,,
G24051001101001,1669,26616,1.473080318,4570.400622,1575.36868,8,38000,44.43809326
G24051001101002,741,23622,1.470238095,3924.043123,923.3406907,1,89841,50.13448661
G24051001102001,1344,14089,1.357575758,4657.344262,1682.4744,1,95900,78.86513158
G24051001102002,1207,15035,1.416666667,3900.625445,909.1264019,,,
G24051001102003,1360,18906,1.427072403,4008.319738,1083.320543,,,
G24051001201001,1507,18678,2.388272583,7820.573912,5178.743084,4,282750,78.45681891
G24051001201002,1006,45000,1.564541213,8531.502757,5595.555047,4,71644.5,74.82123723
G24051001201003,1005,45000,1.529680365,8270.669044,5435.003449,18,110000,68.69951162
G24051001201004,884,29550,1.3115727,8017.146292,5113.869007,8,140000,80.32258065
G24051001202011,1004,18678,2.032388664,7237.578857,4560.564721,7,70000,38.69541183
G24051001202012,1035,16236,2.138429752,6772.436936,4069.91278,5,75000,49.57264957
G24051001202021,1,0,0,7459.77428,4505.883002,,,
G24051001202022,651,18678,1.334016393,7276.29948,4473.909228,,,
G24051001202023,1983,18678,3.1728,7422.46867,4547.404429,1,36000,40.49493813
G24051001202024,1357,16236,1.811748999,6906.24459,4052.68675,3,124856,42.8175583
G24051001202025,1437,16236,1.651724138,6995.572712,4054.796819,,,
G24051001203001,1109,23125,2.549425287,6534.495874,3717.846084,4,47950,34.23714468
G24051001203002,1118,26250,2.881443299,6416.025159,3573.753585,5,49500,28.28571429
G24051001203003,975,28333,3.046875,6292.468499,3428.220995,1,20000,13.36898396
G24051001203004,1320,16974,2.291666667,6088.750709,3181.712772,2,54600,31.34615385
G24051001204001,1616,12446,3.4092827,5579.995469,2604.948552,,,
G24051001204002,1414,13050,2.909465021,5845.907364,2866.645016,1,77900,20.45693277
G24051001205001,933,12857,2.528455285,5237.601036,2250.690515,,,
G24051001205002,1365,12857,3.033333333,5026.186824,2052.406609,,,
G24051001206001,943,16250,1.699099099,6621.03065,3645.457126,1,44000,23.65591398
G24051001206002,839,16250,1.85209713,6180.373577,3201.608758,2,69450,29.90382496
G24051001206003,763,6847,1.343309859,5647.26133,2665.000812,,,
G24051001207001,881,23421,2.374663073,6852.362819,3927.173616,6,44400,51.33367977
G24051001207002,975,13062,2.620967742,6523.814464,3592.340513,5,29900,21.32936508
G24051001207003,1038,13062,2.93220339,5991.91817,3089.051571,2,33997.5,26.17659933
G24051001301001,799,5367,2.489096573,6000.176824,3223.261071,1,47500,24.73958333
G24051001301002,1207,5367,1.839939024,6094.052061,3368.617835,4,17000,6.746031746
G24051001301003,1484,18843,2.440789474,6147.957207,3508.032722,1,38100,12.45098039
G24051001301004,625,20909,1.801152738,6075.4883,3512.25006,1,85000,23.80952381
G24051001302001,796,16679,2.01010101,5647.123311,2831.011748,2,36500,12.92645349
G24051001302002,1038,16679,3.126506024,5599.876113,2855.386762,3,51500,15.32738095
G24051001302003,796,19732,2.567741935,5747.268238,3102.71339,5,70000,18.85775862
G24051001302004,782,19732,2.598006645,5855.265735,3156.664275,8,14250,5.599647266
G24051001303001,947,21944,2.197215777,5833.018757,3277.519515,3,37000,14.50980392
G24051001303002,1110,15250,2.991913747,6016.449473,3541.831536,2,25878,19.59885983
G24051001303003,1271,7926,3.1775,5976.81893,3573.043472,4,21000,10.66350564
G24051001304001,649,11335,2.412639405,7155.062582,4596.177082,,,
G24051001304002,1243,16789,3.039119804,6384.150074,3970.070185,4,17847.5,12.18733289
G24051001304003,769,11335,2.045212766,6659.362417,4294.882242,2,62629,34.28970034
G24051001306001,1211,23966,2.604301075,6914.089284,4068.014021,9,39500,34.94623656
G24051001306002,1119,31948,2.326403326,7476.569205,4584.785556,6,54425,41.89126627
G24051001306003,1024,23966,2.515970516,7495.280842,4645.040109,6,53000,39.40568475
G24051001306004,1172,28906,2.63963964,7684.22553,4864.332046,11,50000,33.27874818
G24051001307001,1050,35050,2.482269504,8585.400713,5721.186518,,,
G24051001307002,714,31948,1.830769231,8241.449253,5336.807979,7,114600,82.56880734
G24051001307003,729,31948,2.182634731,7914.113216,5009.942474,3,51600,46.4028777
G24051001307004,780,14643,1.930693069,8266.518874,5449.242815,4,66750,48.20724807
G24051001307005,1237,36445,2.158813264,8858.846732,6046.286614,7,60000,47.54464286
G24051001307006,936,14643,1.875751503,8171.271456,5305.774239,3,32254,38.16046967
G24051001308031,692,31250,2.268852459,8945.361729,6240.02831,1,70000,68.359375
G24051001308032,1193,51594,2.14954955,9193.453654,6449.177881,10,55950,78.17619302
G24051001308033,1049,33333,2.251072961,8813.426361,6067.92185,5,69000,67.98245614
G24051001308041,1044,22401,2.289473684,8271.517167,5526.980628,5,27000,29.89130435
G24051001308042,1324,27188,2.536398467,7647.030413,4899.864899,8,51750,41.28440367
G24051001308051,683,51594,1.686419753,10307.602,7652.475317,4,73500,54.97605459
G24051001308061,1302,29345,2.735294118,8747.989021,6147.852993,6,32250,23.98524306
G24051001401001,1347,25221,1.966423358,5115.500462,2225.102578,4,124500,45.14782268
G24051001401002,778,13775,1.386809269,5345.078589,2536.010293,1,245000,69.82046167
G24051001401003,1569,13775,1.743333333,5291.433538,2585.872966,5,121000,35.03184713
G24051001401004,1499,24861,1.674860335,4888.420346,2082.751169,9,130000,68.12865497
G24051001402001,898,16071,2.284987277,4952.820154,2290.462188,,,
G24051001402002,1130,12312,2.658823529,4860.124119,2296.505671,,,
G24051001402003,756,11708,3.742574257,4789.659615,2369.285375,,,
G24051001402004,954,11708,3.18,4551.391729,2154.696253,,,
G24051001403001,714,10617,2.540925267,5494.189455,2936.473522,1,15000,4.156275977
G24051001403002,1203,10617,3.04556962,5526.959958,3097.976953,,,
G24051001403003,848,27639,2.342541436,5250.766533,2656.104181,1,140000,35.19356461
G24051001403004,1644,12534,3.027624309,5164.274234,2710.456909,,,
G24051001501001,791,12902,2.918819188,5640.16096,3324.094243,,,
G24051001501002,1186,10000,3.112860892,5400.500748,3109.682902,,,
G24051001501003,1236,5408,2.596638655,5167.140893,2945.12985,,,
G24051001502001,1442,19312,3.107758621,5478.460838,3493.335178,,,
G24051001502002,903,14688,3.190812721,5560.142453,3429.739345,,,
G24051001502003,1605,17946,2.988826816,5845.906529,3690.636181,,,
G24051001503001,978,18750,2.936936937,6030.638057,4068.268117,,,
G24051001503002,852,31607,2.713375796,5730.384268,3856.08494,,,
G24051001503003,1519,26019,3.266666667,6000.245726,4227.189024,,,
G24051001504001,760,28942,2.704626335,6379.725888,4112.898928,2,33250,21.03942413
G24051001504002,1816,13961,3.006622517,6027.143667,3789.110767,,,
G24051001504003,1730,17500,2.443502825,6497.687678,4457.434901,,,
G24051001505001,940,13600,2.618384401,7703.351445,5469.689046,,,
G24051001505002,762,31488,2.548494983,7150.950412,4999.558046,2,41000,22.01360887
G24051001506001,988,23567,2.52685422,6569.480759,4780.863147,,,
G24051001506002,904,23567,3.360594796,6231.91874,4630.740214,,,
G24051001506003,928,22277,3.093333333,6480.527761,4946.4219,,,
G24051001506004,737,13990,3.443925234,6988.249424,5670.382423,,,
G24051001506005,1426,22277,3.093275488,6896.93232,5380.986646,,,
G24051001507011,815,29950,2.663398693,7616.008832,5717.920387,,,
G24051001507012,606,29950,2.767123288,7606.036588,5902.881225,1,26500,15.77380952
G24051001507013,623,26667,2.553278689,7388.638406,5700.349735,1,55000,48.24561404
G24051001507021,1253,29479,2.694623656,6867.568755,5059.414398,4,54375,39.98322511
G24051001507022,937,25357,2.700288184,7038.030592,5350.765595,3,48500,38.12893082
G24051001507023,945,17326,3.019169329,7226.948363,5655.794811,5,46000,35.9375
G24051001508001,819,26477,2.6,8360.323768,6495.413346,4,47750,22.92423084
G24051001508002,1162,21597,2.905,7504.606139,6080.8661,5,23544,11.78378378
G24051001508003,1391,30417,2.965884861,7950.362466,6291.226486,2,36141.5,24.11001603
G24051001508004,610,46528,3.279569892,7936.690431,6427.68605,1,53000,24.53703704
G24051001508005,1028,30417,3.032448378,8343.638733,6697.998633,1,38000,13.53276353
G24051001508006,665,17679,2.557692308,8671.638786,6887.002689,2,46460,36.72879688
G24051001509001,1381,31267,3.295942721,8897.968781,7262.072549,6,43450,27.33100233
G24051001509002,1523,25625,3.064386318,8657.864001,7119.106036,5,47500,38.85003885
G24051001509003,721,25625,2.954918033,8281.602303,6825.609176,1,86000,48.97494305
G24051001509004,1202,28417,3.035353535,7558.879379,6389.917808,5,56500,32.10227273
G24051001510001,705,28750,2.9375,10143.40942,8052.398442,2,49100,32.70169918
G24051001510002,1520,34286,3.304347826,9758.406501,7755.085442,5,30032,23.84737679
G24051001510003,761,28750,3.068548387,10382.5884,8385.802525,1,52500,35.71428571
G24051001510004,629,30078,2.872146119,9138.86247,7466.89477,,,
G24051001510005,1538,28854,3.00390625,9293.747101,7468.385786,1,50000,24.13127413
G24051001510006,948,29375,3.00952381,9720.30148,7879.380743,3,65000,29.65328467
G24051001510007,770,24148,3.208333333,10080.0624,8166.526306,1,51000,39.53488372
G24051001511001,845,25833,2.648902821,9785.788192,7641.629241,2,57500,43.62161531
G24051001511002,2299,23504,2.639494834,9055.432639,6847.641123,2,53150,42.10526316
G24051001511003,1052,34688,2.498812352,8258.23418,6130.180894,5,74000,39.94614004
G24051001511004,858,38603,2.530973451,8533.613234,6485.411249,3,102000,59.1424347
G24051001511005,713,14375,2.425170068,9385.732401,7312.715116,1,30902,28.61296296
G24051001511006,1451,40500,2.712149533,8946.350378,6964.75911,6,81950,30.6122449
G24051001512001,2036,9178,2.444177671,8465.69986,6030.861322,,,
G24051001512002,795,21750,4.015151515,8171.854677,5833.039129,,,
G24051001512003,1334,13897,3.654794521,8457.818424,6172.094126,,,
G24051001512004,1010,25694,3.811320755,8705.843059,6362.636664,,,
G24051001512005,1293,30774,3.621848739,8702.068725,6300.240865,,,
G24051001513001,1709,20515,3.084837545,9320.224108,6843.30223,,,
G24051001513002,1411,22857,3.722955145,9115.666448,6674.352585,,,
G24051001513003,706,11875,3.165919283,9479.284406,7078.44915,,,
G24051001513004,1582,21895,3.424242424,9288.596131,6966.281666,,,
G24051001513005,1197,23500,3.352941176,9843.902846,7591.263022,,,
G24051001601001,796,8702,3.222672065,4752.598996,2493.514191,,,
G24051001601002,623,8702,2.43359375,4523.168237,2329.569244,,,
G24051001601003,1826,8377,2.224116931,4096.172895,1974.493068,,,
G24051001601004,1393,21111,2.663479924,4221.187595,2208.824939,,,
G24051001602001,1073,11000,3.281345566,4890.335711,2750.729273,,,
G24051001602002,994,5629,2.497487437,4540.439772,2618.69665,,,
G24051001602003,1634,6310,2.836805556,4296.063654,2420.593723,,,
G24051001603001,1059,17679,3.288819876,4929.53135,2979.273617,,,
G24051001603002,1540,13864,3.037475345,4459.502903,2774.703158,,,
G24051001604001,773,19437,3.01953125,5073.758583,3296.494103,,,
G24051001604002,1217,30313,2.997536946,4854.893221,3110.268753,,,
G24051001604003,1062,12093,2.909589041,4706.305616,3212.97984,,,
G24051001604004,1741,13281,3.272556391,4484.046028,3015.336941,,,
G24051001605001,1314,19437,2.456074766,5488.711397,3887.181291,2,43750,45.24442756
G24051001605002,827,31204,2.851724138,4835.913681,3483.698284,,,
G24051001605003,985,26339,3.408304498,4700.862972,3609.834369,4,18000,12.15072806
G24051001605004,1058,22500,2.859459459,5009.27237,3864.835775,2,51200,44.74962131
G24051001605005,1074,23750,2.391982183,5320.676141,3958.339981,3,23000,17.37160121
G24051001606001,777,20179,3.2375,5629.22534,4607.515335,2,33850,20.5390625
G24051001606002,1470,24861,3.121019108,5394.245431,4262.667969,2,54450,42.25046251
G24051001606003,1053,19735,3.311320755,5117.579031,4249.763445,3,48000,41.09589041
G24051001606004,1041,7021,2.323660714,5389.726024,4471.53686,,,
G24051001606005,783,22031,2.786476868,5604.316046,4767.480078,2,23150,26.88753133
G24051001607001,755,25893,3.199152542,6037.793025,4579.110275,,,
G24051001607002,1064,22500,3.093023256,5770.93876,4475.817037,2,31100,23.69141128
G24051001607003,1099,25966,2.954301075,5899.176373,4764.505938,3,19000,10.6981982
G24051001607004,1775,17361,3.311567164,6119.348606,5064.013812,2,22500,16.36302294
G24051001607005,677,29318,2.943478261,6263.469655,4951.366968,2,27750,20.43358021
G24051001607006,763,24853,3.003937008,6444.930169,5145.859668,1,44900,33.4077381
G24051001607007,963,20735,2.652892562,6596.913797,5280.026198,2,29250,22.58832778
G24051001608011,1534,20000,2.955684008,6998.428483,6245.411822,1,34000,23.41597796
G24051001608012,773,35208,3.079681275,6780.279253,6131.239164,2,37500,32.96285962
G24051001608013,889,27656,3.354716981,6670.82934,6099.104659,4,45200,43.82738095
G24051001608014,965,31316,3.725868726,6527.058537,6062.89073,3,47212,29.16666667
G24051001608021,1539,30250,3.781326781,6072.549232,5391.156612,5,27790,20.43382353
G24051001608022,1292,32308,3.81120944,6079.308625,5524.283411,2,26500,23.60236785
G24051001608023,1423,28667,3.134361233,6743.156414,5889.224348,3,37000,29.52205882
G24051001701001,688,20944,1.82010582,3980.9246,1171.575063,1,73900,66.57657658
G24051001701002,638,20944,2.482490272,3828.679813,1235.601202,1,92395,66.37571839
G24051001702001,1916,4999,1.991683992,4260.39645,1583.643556,,,
G24051001702002,1077,24946,2.983379501,4551.671009,1923.147805,1,52000,22.89740203
G24051001702003,342,9747,1.257352941,4520.476934,1666.225342,,,
G24051001703001,1972,8484,2.461922597,4263.531848,1895.955611,3,22000,12.42937853
G24051001703002,2761,5077,2.624524715,3939.128354,1594.366585,,,
G24051001801001,1826,4999,3.362799263,3550.019437,1462.930915,,,
G24051001801002,1567,4999,2.577302632,3441.940388,1623.260699,,,
G24051001802001,940,11307,3.494423792,3732.887258,2016.112584,,,
G24051001802002,805,6705,2.4617737,3465.939064,1904.621503,,,
G24051001803001,725,12062,2.449324324,3166.314683,1650.784837,2,27000,13.49112035
G24051001803002,1512,38929,2.805194805,3082.973176,1804.016892,4,65500,55.66651362
G24051001901001,884,24655,3.26199262,4040.714239,2497.187556,,,
G24051001901002,818,6000,2.471299094,3716.583212,2322.464399,,,
G24051001901003,1450,7496,2.894211577,3800.064181,2611.628328,,,
G24051001902001,940,17804,2.480211082,3363.432231,2336.115656,4,125000,39.44172954
G24051001902002,1794,15817,3.071917808,3014.91386,2414.249271,,,
G24051001903001,606,11250,2.927536232,3490.185451,2637.538098,2,98320,42.20772262
G24051001903002,1138,5477,2.775609756,3470.284074,2785.532879,,,
G24051001903003,816,11932,3.114503817,3237.973181,2755.981102,,,
G24051001903004,878,15817,2.814102564,3024.197797,2819.347016,,,
G24051002001001,1297,15774,3.342783505,4195.482182,3018.176836,,,
G24051002001002,1577,14850,3.443231441,3917.275963,2928.007922,,,
G24051002002001,779,18056,2.885185185,4422.398628,3442.238905,,,
G24051002002002,930,27644,3.131313131,4087.025265,3289.379996,,,
G24051002002003,728,16211,3.111111111,4224.602514,3523.960309,,,
G24051002002004,920,25250,3.445692884,4380.792563,3787.800491,,,
G24051002002005,854,20781,3.139705882,4860.569258,4214.74692,2,29087,25.86800977
G24051002003001,1280,7874,3.273657289,3652.593156,3044.616309,,,
G24051002003002,1659,16454,3.118421053,3280.212924,3102.553516,,,
G24051002004001,1332,14038,3.542553191,3931.361742,3464.431279,,,
G24051002004002,1850,10673,3.432282004,4121.806635,3884.451669,,,
G24051002005001,840,15050,3.26848249,3630.888011,3314.33865,,,
G24051002005002,695,20329,2.802419355,3675.26423,3608.134232,3,37400,26.71428571
G24051002005003,754,18894,2.9,3347.245297,3352.339662,1,27656,30.3245614
G24051002005004,927,16454,2.718475073,3355.623758,3664.843653,2,32500,35.59981685
G24051002005005,778,19656,2.749116608,3759.402333,3990.395534,3,18500,17.17032967
G24051002006001,1190,24792,2.626931567,4540.725741,4500.122138,13,39900,49.13793103
G24051002006002,869,24792,2.821428571,4544.002517,4915.978659,3,19900,15.79365079
G24051002006003,1211,26711,3.065822785,5011.763493,4902.362511,3,30000,23.65591398
G24051002007011,1026,25385,3.196261682,5685.521172,5219.362759,1,49000,58.33333333
G24051002007012,1248,30964,2.943396226,5382.670568,5187.237258,5,32000,29.19708029
G24051002007013,944,27394,2.530831099,5703.973318,5415.52834,2,44450,43.84711779
G24051002007014,1444,29336,3.628140704,6155.525075,6003.740268,6,52000,42.17270831
G24051002007015,1015,12009,2.512376238,5996.337533,5564.534539,,,
G24051002007021,728,37667,3.5,5152.315028,5256.416258,2,33500,28.53535354
G24051002007022,1065,31146,3.042857143,5481.817267,5503.554877,5,43000,36.8622449
G24051002008001,1087,20750,2.816062176,5194.543762,5698.29802,7,49900,32.92682927
G24051002008002,728,30000,2.434782609,5991.659573,6195.858139,5,60000,29.6735905
G24051002008003,654,20750,3.099526066,5469.760523,5705.179914,,,
G24051002101001,886,18516,2.924092409,1766.049275,1910.651821,1,65191,50.93046875
G24051002101002,1738,22713,2.571005917,2468.781962,1498.088314,10,27750,30.55569431
G24051002102001,2010,17500,2.982195846,2352.730325,2922.187107,8,28200,28.17982456
G24051002102002,2071,17220,2.700130378,2808.991077,1943.354957,11,50000,42.80936455
G24051002201001,1049,23278,2.367945824,2435.49562,1045.993488,7,70000,56.08974359
G24051002201002,1871,42188,1.825365854,2344.646685,740.0056709,13,124000,104.3800539
G24051002201003,0,0,#N/A,2327.413378,760.2581741,,,
G24051002201004,722,42188,1.961956522,1924.201396,1100.230065,13,138000,99.21875
G24051002301001,1041,25349,2.76127321,1348.447776,1743.97296,9,52000,32.67973856
G24051002301002,904,23278,2.597701149,1683.546365,1408.329583,2,48950,46.55394357
G24051002302001,802,26023,1.9513382,1520.909113,1511.748426,3,77000,70.51282051
G24051002302002,1623,21371,2.783876501,1047.807002,1993.814998,4,47469,35.69184186
G24051002303001,119,40268,2.975,381.3274158,2681.977253,,,
G24051002303002,1324,22773,2.752598753,833.2780293,2215.045544,4,15000,15.90806159
G24051002401001,1386,31346,2.418848168,669.6301257,2875.523001,9,65000,53.19148936
G24051002401002,964,26474,2.306220096,45.76384923,3482.958794,4,43915,35.85716419
G24051002402001,936,30134,2.381679389,1316.640369,1861.724159,12,95450,82.68214683
G24051002402002,948,32098,2.220140515,1378.456051,1696.868894,15,75000,61.45688456
G24051002403001,806,46667,2.015,1669.877799,1360.842172,5,110000,91.39465875
G24051002403002,830,23958,3.155893536,1417.470772,1617.17409,7,85000,44.27083333
G24051002403003,703,23958,2.41580756,1234.31237,1800.054021,6,94250,62.28222997
G24051002404001,1357,25893,2.560377358,895.9705582,2147.110345,10,44250,32.44493401
G24051002404002,37,26474,2.466666667,224.3935819,2888.232311,,,
G24051002404003,1387,34286,2.503610108,911.7884807,2189.546488,6,57500,49.73808277
G24051002501011,1162,27344,2.451476793,6701.493435,7267.915866,7,61000,48.32474227
G24051002501012,2746,33722,3.007667032,7006.025442,7689.773502,21,59500,63.61607143
G24051002501021,1342,28490,2.861407249,6057.454434,6629.222814,4,54450,54.81334149
G24051002501022,2148,35066,2.845033113,6171.26141,6879.774065,11,55500,57.93226381
G24051002501031,1218,22625,2.440881764,4485.966092,5553.798519,2,66000,69.15509259
G24051002501032,946,33423,2.635097493,4137.376799,5737.464918,4,71400,72.75035014
G24051002501033,889,22625,2.547277937,4963.722441,6178.474319,6,55125,48.0561756
G24051002501034,1186,19670,1.672778561,5484.422707,6426.31387,,,
G24051002502031,1337,18224,2.684738956,855.3004062,4659.321657,1,25000,33.06878307
G24051002502032,1649,18224,2.757525084,1013.202828,4662.593997,2,43755,40.51388889
G24051002502041,1952,10024,3.510791367,1465.4451,5097.054177,,,
G24051002502042,3436,10024,3.146520147,1345.363898,4800.49113,,,
G24051002502051,225,31607,2.678571429,1645.505646,5048.569737,,,
G24051002502052,1267,31607,3.143920596,1951.881914,4903.898509,14,62950,61.18164063
G24051002502053,880,30024,2.885245902,1843.691838,4616.624846,3,47000,45.8984375
G24051002502054,1445,34219,3.054968288,2366.028549,4859.832917,6,51000,39.55078125
G24051002502055,820,19265,2.356321839,2512.580893,5221.476765,,,
G24051002502061,808,34489,2.517133956,3609.73931,4667.437794,7,55000,37.17948718
G24051002502062,920,33464,2.520547945,2990.281975,5054.043972,4,69450,61.86478598
G24051002502063,864,32083,2.70846395,3330.886647,4955.427207,3,65000,50.68027211
G24051002502071,1466,17990,2.670309654,697.299902,4128.57025,,,
G24051002502072,1057,24926,3.054913295,788.3649423,4332.885766,,,
G24051002503011,1453,25948,3.332568807,977.6573518,3660.990082,,,
G24051002503012,2387,16538,3.536296296,1547.23929,3597.274348,1,60500,52.51736111
G24051002503031,744,23816,2.574394464,2103.479793,3795.526444,1,55500,66.07142857
G24051002503032,969,23816,2.351941748,2480.67449,4150.81468,9,50000,48.87820513
G24051002503033,655,11397,2.085987261,2718.327384,4026.567565,3,47900,42.41071429
G24051002504011,1465,23750,2.28549142,1084.484424,5776.712557,8,52450,46.74092023
G24051002504012,947,18750,2.729106628,1566.669001,6203.27292,3,54000,48.54910714
G24051002504013,1216,23194,2.847775176,1513.208861,5893.581386,1,63000,53.57142857
G24051002504021,1503,17278,2.389507154,1736.627486,6489.478938,8,47318.5,41.78529941
G24051002504022,825,8608,2.796610169,2129.025169,6859.944432,,,
G24051002504023,1364,22909,2.658869396,2189.121955,6882.442026,6,59250,50.38888889
G24051002504024,1019,31019,2.592875318,1647.900994,6358.669317,3,65000,59.74264706
G24051002505001,23,0,4.6,756.7174398,10404.98975,,,
G24051002505002,132,22857,2.693877551,2005.150152,7532.698817,,,
G24051002505003,2007,28438,2.589677419,2539.379633,7488.083679,8,34750,35.31847451
G24051002505004,1321,19595,2.423853211,2092.714221,7014.700652,8,51263.5,52.64113107
G24051002505005,1832,18681,2.459060403,1984.631529,6802.482793,15,54000,66.19318182
G24051002506001,638,23750,3.112195122,918.3883322,6350.348616,,,
G24051002601011,1022,30921,2.739946381,6093.791602,9539.549545,4,75350,56.48584469
G24051002601012,783,28056,2.64527027,5716.191709,9436.571918,2,61500,49.44414152
G24051002601013,1263,28056,2.239361702,5299.14943,8808.325225,2,82000,68.33333333
G24051002601014,668,30054,2.402877698,5853.303544,8450.812559,10,75500,59.4217764
G24051002601015,1123,34602,2.719128329,5978.197066,8827.529977,7,71000,49.85955056
G24051002601021,1283,32500,3.054761905,4931.972993,8508.74825,8,62650,51.08550347
G24051002601022,951,38409,2.926153846,5255.158857,8277.305055,2,71900,67.30530754
G24051002601023,663,28250,2.751037344,5337.241437,7896.231543,5,74000,54.39739414
G24051002601024,912,29107,2.438502674,5920.754514,8049.571713,7,64000,60.66350711
G24051002601025,1347,38274,2.508379888,6109.829062,7721.071292,11,72000,48.88268156
G24051002602011,973,25850,2.42039801,6550.267072,7162.19205,5,78000,49.36217415
G24051002602012,991,27500,2.508860759,6117.899344,7082.339347,5,62500,54.25347222
G24051002602013,834,32727,2.542682927,6349.26037,6599.158405,5,64778,65.52734375
G24051002602014,2178,20864,2.037418148,5625.169418,7082.740642,,,
G24051002602021,629,26767,2.391634981,6187.433133,6239.280736,8,60450,51.54196336
G24051002602022,2127,21994,2.045192308,5807.935559,6357.565787,,,
G24051002602023,1898,21994,2.677009873,5605.253838,6081.964045,13,55000,53.22265625
G24051002602024,1024,27411,2.081300813,5887.053297,5912.025416,10,59250,47.55890377
G24051002602031,2197,32823,3.359327217,5506.847979,6555.555477,3,59500,51.64930556
G24051002602032,1042,32823,2.823848238,5058.946022,7649.555685,2,45000,39.83435352
G24051002603011,782,29583,2.266666667,5653.9111,5578.677425,17,53900,44.33497537
G24051002603012,950,27330,2.357320099,5434.728237,5651.004501,11,62000,47.68518519
G24051002603013,706,29931,2.377104377,5272.876506,5370.731029,1,62000,50
G24051002603014,662,29750,2.389891697,5488.287223,5312.64433,6,54950,44.5502883
G24051002603015,936,31324,2.621848739,5235.184194,5074.516158,12,54200,45.97644571
G24051002603021,653,27330,2.591269841,5180.220111,5774.986843,7,55800,62.27678571
G24051002603022,1025,21985,2.475845411,4977.609323,5501.035133,7,48500,57.73809524
G24051002603023,862,40500,2.719242902,4627.806226,5116.122194,8,57700,55.40054563
G24051002603024,1807,32829,2.415775401,4898.574636,5187.772911,18,50950,53.53760823
G24051002603025,895,31324,2.294871795,4770.28461,4883.226456,9,53900,45.83333333
G24051002603026,883,32128,2.419178082,4718.173365,4671.836821,7,49000,40.06410256
G24051002603031,2132,6373,2.442153494,4415.451784,5183.023346,,,
G24051002604011,1046,20341,2.57635468,4211.100417,5894.79174,,,
G24051002604012,1653,20213,2.354700855,3823.148394,5216.954947,,,
G24051002604013,624,19286,2.578512397,3715.223498,5569.050485,,,
G24051002604021,1817,19005,2.675994109,4733.841096,7447.506285,4,46700,39.35298656
G24051002604022,1307,16412,2.593253968,5091.878966,6545.623222,,,
G24051002604031,2037,27976,2.952173913,4490.474761,7982.372901,3,56000,48.61111111
G24051002604032,2594,5720,2.604417671,4523.12815,7041.297689,,,
G24051002604041,61,46250,#N/A,3949.95358,6353.728424,,,
G24051002604042,713,22560,3.1,3129.483934,4526.407517,2,19700,19.35810788
G24051002604043,1236,22560,2.517311609,2517.102895,4057.315884,9,37500,35.4812398
G24051002605011,2730,21739,2.296047098,3022.347417,5866.447743,7,60000,50.08710801
G24051002605012,1472,23018,2.619217082,2090.261352,5277.508612,7,50900,49.70703125
G24051002605013,1106,23018,2.388768898,3144.012213,6389.073584,5,55000,70.15306122
G24051002606041,1090,9813,2.773536896,2506.980015,6220.787049,,,
G24051002606042,1162,9813,2.890547264,2772.907196,6568.762858,,,
G24051002606043,1008,7723,2.731707317,2460.220813,6564.735788,,,
G24051002606051,1187,37583,2.580434783,2937.193989,7057.113841,6,77450,57.59431146
G24051002606052,1785,21148,2.43852459,2208.514345,6653.279863,11,54000,53.61328125
G24051002606053,1040,32188,2.27571116,2201.188462,5891.058065,2,54000,49.75043403
G24051002606054,670,32188,2.712550607,1397.061532,7443.694197,1,98000,44.87179487
G24051002606055,80,19444,2.352941176,418.1910275,4049.552987,,,
G24051002606056,144,32188,4.8,773.9821431,5744.26322,,,
G24051002607001,1016,24550,2.572151899,1765.724642,4636.244661,,,
G24051002607002,1158,24773,2.797101449,1794.236314,4836.216596,5,46000,41.62895928
G24051002608001,1279,21719,2.498046875,1994.66153,4085.543405,6,33250,31.75847907
G24051002608002,1198,27979,2.410462777,1752.318104,3962.831425,5,47900,43.18488529
G24051002609001,1013,24698,2.312785388,1388.47572,4040.217879,8,54450,36.63451712
G24051002609002,973,26587,2.373170732,1207.057382,4245.269689,3,50000,39.68253968
G24051002609003,719,24219,2.462328767,862.944472,4153.44846,8,38400,29.31263429
G24051002610001,654,24559,2.386861314,2729.17663,3705.259378,5,48600,45.10869565
G24051002610002,722,23958,2.498269896,2394.269768,3647.758812,3,38000,45.23809524
G24051002610003,756,23958,2.749090909,2077.03341,3618.027763,2,20000,13.30019187
G24051002610004,1301,29950,2.352622061,1750.608062,3640.769848,8,58500,43.0506993
G24051002611001,1114,30786,2.459161148,1316.934176,3691.358322,6,43950,38.74943074
G24051002611002,1359,22778,2.388400703,811.461654,3812.863222,4,51200,26.88735149
G24051002701011,849,41806,2.678233438,6919.059505,6405.959906,9,87500,55.47619048
G24051002701012,993,30000,2.626984127,6470.981832,6100.571939,6,45500,32.88724464
G24051002701021,717,35214,2.276190476,7360.224041,7528.436633,8,70250,52.60851515
G24051002701022,870,29177,2.457627119,6985.909778,7365.76532,13,72000,53.89221557
G24051002701023,866,29881,2.488505747,6854.082288,6827.92893,5,74000,53.23741007
G24051002701024,1165,37167,2.293307087,7272.316362,7003.398177,7,69900,66.57142857
G24051002702001,644,35250,2.324909747,7309.978507,6670.898846,6,85450,61.04397635
G24051002702002,893,41595,3.235507246,7369.438046,6430.590104,2,105250,46.88666027
G24051002702003,702,37562,2.619402985,7724.547065,6896.367072,4,56250,41.63459231
G24051002703011,678,35568,2.404255319,8413.611233,7848.773125,4,81000,49.94583186
G24051002703012,651,36957,2.593625498,8035.014308,7342.386578,2,71950,54.66262143
G24051002703013,643,42813,2.807860262,8190.071074,7145.062753,3,57000,56.23031939
G24051002703014,1244,36726,2.646808511,8552.401445,7647.85938,5,70000,73.02405498
G24051002703021,747,33917,2.210059172,7891.253762,7750.708125,6,57000,45.95012055
G24051002703022,894,34375,2.497206704,7759.854315,7293.15691,8,77625,54.02154681
G24051002704011,1974,29055,2.600790514,6556.608709,9116.106042,16,72250,54.07696759
G24051002704012,1417,31469,2.365609349,6823.973732,8484.832898,6,63500,57.21954711
G24051002704013,983,39219,2.951951952,6703.195766,7895.523922,4,70750,53.80580357
G24051002704014,712,34600,2.204334365,7144.940318,7936.047969,9,80825,54.83870968
G24051002704021,656,36285,2.402930403,7117.69669,8953.219208,1,75000,65.55944056
G24051002704022,749,30919,2.521885522,7455.783811,8244.93315,7,70000,52.26396917
G24051002704023,657,30919,2.406593407,7925.626249,8265.659827,9,75000,43.20276498
G24051002704024,1219,33519,2.390196078,7719.531454,8763.05279,8,71950,51.55981157
G24051002705011,792,38750,2.631229236,7466.759671,10878.89697,5,77500,77.5
G24051002705012,922,27344,2.445623342,8245.863906,10761.37275,5,88450,68.91025641
G24051002705013,1159,40945,2.460721868,7465.959957,10316.07394,6,82000,71.89814815
G24051002705014,1493,37337,2.35488959,8042.296336,10144.63347,11,81500,70.9537037
G24051002705021,1072,26540,2.15694165,6687.863536,9959.994092,1,77500,60.546875
G24051002705022,1256,31991,2.325925926,7129.974551,9623.333458,8,81500,67.46826295
G24051002705023,942,32632,2.42159383,7598.839849,9438.906467,5,80000,57.51295337
G24051002705024,1062,30945,2.171779141,8014.20777,9353.268024,8,78750,59.84555051
G24051002706001,611,36923,2.578059072,8766.58725,8323.334225,1,79500,41.40625
G24051002706002,868,32944,2.538011696,8403.251571,8432.785333,5,66500,34.93470149
G24051002706003,1028,24728,2.453460621,9068.367909,8511.417573,10,73050,52.92737616
G24051002706004,995,33988,2.571059432,8592.467964,9007.587299,5,71500,66.18819777
G24051002706005,642,37656,2.459770115,9182.286326,9063.400579,4,75950,59.10176794
G24051002706006,687,22868,2.726190476,9514.534931,8864.769174,11,68900,63.61607143
G24051002707011,2639,21380,2.190041494,9724.478556,9853.69692,,,
G24051002707021,741,22868,2.294117647,9847.898996,9446.163642,,,
G24051002707022,804,22868,2.350877193,9290.603761,9434.708496,3,83900,101.8518519
G24051002707023,949,30607,2.696022727,8457.926376,9432.855474,5,77900,55.75117371
G24051002707031,844,27500,2.094292804,8688.036854,10534.25374,9,82200,59.05172414
G24051002707032,944,33125,2.365914787,8653.665842,10005.13401,6,72400,52.38957902
G24051002707033,1008,35500,2.513715711,9152.626654,10149.34648,6,82450,81.42467161
G24051002708011,1056,33125,2.484705882,10827.38182,9367.489002,13,69000,63.28125
G24051002708012,935,38869,2.361111111,10577.58926,8993.253288,11,70000,57.56578947
G24051002708013,932,29946,2.324189526,10773.60643,8940.238443,6,70200,51.17916523
G24051002708014,1183,38869,2.439175258,10930.53882,9260.837472,15,71900,69.07894737
G24051002708021,882,45050,2.656626506,10160.19365,8610.494516,10,67700,62.21804511
G24051002708022,1490,26858,2.089761571,9544.898519,7911.823007,3,70530,61.16666667
G24051002708023,776,26875,2.337349398,9616.930198,7850.390992,3,68500,56.33223684
G24051002708024,1423,23056,2.420068027,10232.36626,8432.022334,4,63000,50.61677632
G24051002708025,955,47941,2.842261905,10184.18614,8508.340153,5,60500,53.76344086
G24051002708031,2626,21380,2.472693032,9868.23126,8744.937596,7,62000,54.16666667
G24051002708032,1608,28156,1.622603431,10363.98124,9056.932235,,,
G24051002708033,1908,28156,2.497382199,9603.520973,8181.737213,10,66450,54.94791667
G24051002708041,844,27112,1.822894168,11063.9758,9111.848688,2,97500,65.62648823
G24051002708042,623,29583,2.090604027,10636.59142,8598.884505,5,82000,68.33333333
G24051002708043,679,40795,2.020833333,10843.7252,8757.229894,5,74000,63.30196749
G24051002708044,630,17143,1.73553719,11159.43765,9026.803976,8,94500,77.7244256
G24051002708051,1251,46687,3.036407767,10212.12365,8271.429983,7,70000,57.56578947
G24051002708052,1154,32366,2.849382716,9495.781523,7594.57929,4,48750,58.59375
G24051002708053,1279,23484,2.653526971,9686.053945,7601.577088,2,44000,30.3030303
G24051002708054,1097,31005,3.072829132,9890.298106,7707.195495,5,52750,43.00168634
G24051002708055,1223,46654,2.748314607,10296.3234,8160.746724,5,70000,58.33333333
G24051002709011,1005,30750,2.716216216,8948.727557,7237.98455,4,55000,44.59767206
G24051002709012,1381,34167,3.082589286,8504.821199,6762.240962,4,61000,49.33567423
G24051002709013,2227,28681,2.641755635,8673.206197,6783.486086,5,54000,44.40789474
G24051002709021,1655,41154,2.971274686,8640.41349,7425.064338,6,70450,55.0390625
G24051002709022,1248,26364,2.345864662,8464.886139,6947.660517,2,58700,48.27302632
G24051002709023,1798,42254,3.1,8939.240708,7488.843876,6,68500,53.515625
G24051002709031,1635,45776,3.456659619,7762.608765,6372.773395,7,48500,41.17147708
G24051002709032,1032,45776,2.154488518,7909.642058,6028.754851,7,118000,72.98136646
G24051002709033,1618,22500,4.583569405,8095.035802,6411.231034,4,69500,48.57304018
G24051002710011,1047,26620,3.261682243,8421.760381,6100.833766,4,47550,35.8397494
G24051002710012,719,25417,2.59566787,8223.393604,6104.987645,,,
G24051002710013,1225,25417,2.889150943,8058.205337,5821.84207,1,52900,31.19103774
G24051002710021,1407,35450,2.780632411,8847.01465,6822.96858,4,42500,37.97129392
G24051002710022,778,27072,2.768683274,8699.749312,6435.796881,2,29500,23.87378247
G24051002710023,662,27841,2.769874477,8896.622517,6657.9937,1,27000,24.6350365
G24051002710024,1078,35750,3.605351171,9138.063425,6925.261655,6,35250,27.76674317
G24051002710025,1411,29441,3.581218274,9399.033995,7214.203886,4,52700,34.375
G24051002711011,1041,22422,2.949008499,9519.186096,7096.172981,5,115000,68.61575179
G24051002711012,733,22422,3.541062802,9421.958347,6762.229867,,,
G24051002711013,943,22422,2.656338028,9075.073508,6614.066148,4,64000,56.8452381
G24051002711021,2588,29375,6.994594595,9300.774234,6464.965037,,,
G24051002711022,796,66305,2.783216783,8506.705652,5937.114469,8,149950,73.98980417
G24051002712001,758,59081,2.65034965,11291.53568,8987.527056,5,225000,73.52941176
G24051002712002,1238,34375,2.222621185,10662.48332,8318.104537,12,88500,67.41974676
G24051002712003,978,69363,2.614973262,9992.392243,7599.804575,9,175000,88.73239437
G24051002712004,944,103816,2.860606061,10318.89298,7609.523471,7,275000,102.8938907
G24051002712005,976,103816,3.33105802,10775.82225,8206.590272,15,265000,107.495069
G24051002712006,1208,74618,2.480492813,11515.153,8889.968613,8,183000,83.41096187
G24051002713001,1233,58160,2.197860963,11792.18182,8957.781474,7,265000,111.0441767
G24051002713002,450,42283,1.821862348,10691.52811,7813.08358,3,125000,94.55370651
G24051002713003,862,42283,3.180811808,10820.56611,8000.393864,,,
G24051002714001,882,74259,2.664652568,9551.021156,6725.16656,9,360000,75.15127855
G24051002714002,1320,45687,2.156862745,9865.391097,7006.978536,13,170000,74.0881459
G24051002714003,1481,31948,2.106685633,8913.896864,6025.871023,12,131250,73.52142918
G24051002715011,828,38459,2.595611285,12258.31652,9550.140963,2,110000,49.67983949
G24051002715012,668,67789,2.672,11480.95176,8803.744001,9,75700,42.76146316
G24051002715013,905,63386,3.088737201,11796.1553,9165.268227,8,135500,71.40071498
G24051002715014,1073,63386,2.455377574,11997.60883,9438.882995,5,140000,74.78632479
G24051002715015,1065,38459,1.936363636,12802.71122,10241.22646,3,140700,67.2823219
G24051002715031,964,51594,1.469512195,10373.72836,7620.516143,13,82000,69.92724333
G24051002716001,1043,20523,2.737532808,10011.1594,7509.679296,1,61900,60.44921875
G24051002716002,859,28583,2.643076923,9623.999844,7106.227009,,,
G24051002716003,965,32586,3.471223022,9744.992953,7289.202941,,,
G24051002716004,1655,17813,3.621444201,9980.750664,7637.191716,,,
G24051002716005,678,29712,3.54973822,10107.25142,7670.496782,,,
G24051002716006,1538,17813,4.123324397,10040.97214,7643.583992,,,
G24051002717001,533,26486,2.337719298,11005.88076,8455.693973,,,
G24051002717002,1104,26486,3.181556196,11255.69146,8844.551467,,,
G24051002717003,1407,18446,2.919087137,10372.10762,7855.733618,1,20000,19.15708812
G24051002717004,1665,34076,3.440082645,10734.39907,8235.525619,4,38550,35.89181287
G24051002717005,1934,25000,3.346020761,10667.32522,8241.783738,2,36500,31.79125817
G24051002717006,836,16723,3.468879668,10758.68367,8366.559187,,,
G24051002718011,1130,18198,3.284883721,11123.97077,8860.601561,,,
G24051002718012,1281,12632,2.329090909,10844.21533,8670.9092,,,
G24051002718013,1860,12632,3.147208122,11177.8692,9026.288216,2,47250,47.32338659
G24051002718021,1010,21803,3.976377953,10738.68406,8425.652584,,,
G24051002718022,1490,22625,3.176972281,10460.75342,8134.477823,,,
G24051002718023,1225,22246,3.510028653,10279.391,8014.926213,,,
G24051002718024,1683,28125,3.573248408,10555.28602,8357.801328,,,
G24051002719001,665,36513,2.52851711,11922.22298,9447.973742,10,155429.5,64.40968446
G24051002719002,785,30877,2.803571429,11848.3187,9451.093558,1,72000,55.68445476
G24051002719003,920,30877,2.346938776,11790.50693,9487.701459,9,55000,42.27240649
G24051002719004,857,34485,3.360784314,11715.18288,9515.045544,4,65000,46.42857143
G24051002719005,930,44750,2.888198758,11685.31978,9572.787825,3,65000,53.10457516
G24051002720031,735,33529,2.45,12926.92413,10439.29401,5,103000,56.62472243
G24051002720032,671,33529,1.973529412,12491.36161,10046.42373,2,125500,77.90365405
G24051002720033,1450,33939,2.871287129,12292.29484,9948.334524,7,66000,42.7027027
G24051002720034,1583,45893,2.398484848,12808.2047,10562.5924,8,80000,47.30584177
G24051002720035,634,40000,2.410646388,12914.88541,10504.16595,,,
G24051002720041,1537,31447,1.702104097,13560.67423,11156.47706,,,
G24051002720042,1402,31447,1.871829105,13269.23624,10907.94419,5,103250,67.14628297
G24051002720051,936,33269,1.978858351,14099.9835,11940.34384,10,99250,67.11148025
G24051002720052,703,45556,2.510714286,13793.09452,11585.49354,3,311000,147.1119134
G24051002720053,1318,31447,1.869503546,13652.61447,11390.14386,3,76630,38.90160183
G24051002720061,2143,17007,1.788814691,12727.67518,10620.40876,3,65000,51.54639175
G24051002720062,1401,27457,2.519784173,12213.00161,10075.70084,4,45500,32.954212
G24051002720071,1845,25274,2.314930991,13647.17516,11571.03231,6,73950,51.45537984
G24051002720072,1110,17007,2.371794872,13120.05236,11052.08007,2,67950,45.0596817
G24051002720073,751,25274,1.591101695,14173.56706,12083.36323,,,
G24051002801011,658,28971,2.108974359,13368.52041,11395.82694,4,61002,59.22619048
G24051002801012,1339,28971,2.075968992,12461.19829,10493.72169,3,60000,40.43126685
G24051002801013,1250,33214,3.048780488,10873.46942,8790.876373,7,52000,49.23599321
G24051002801021,345,30792,5.073529412,11787.9456,9984.012174,,,
G24051002801022,1192,38289,3.096103896,10441.44588,8608.964055,3,65000,32.56513026
G24051002801023,1274,30185,2.895454545,10179.59276,8475.414983,5,62000,34.88085456
G24051002801024,1884,30709,2.766519824,10946.49464,9304.427365,3,79400,36.00907029
G24051002801025,1523,33903,2.895437262,11027.42685,9226.543236,5,65000,41.71465131
G24051002801026,904,30792,2.807453416,10825.72089,8843.96932,6,66062.5,42.21349901
G24051002802001,1199,30078,3.035443038,9566.522696,7957.363213,7,30000,13.50742909
G24051002802002,637,34722,3.153465347,9809.124124,8465.59939,4,43000,33.37044897
G24051002802003,633,34032,2.903669725,10439.10531,9138.003793,,,
G24051002802004,918,27128,2.895899054,10910.05603,9471.992035,4,48950,41.24013242
G24051002802005,1001,33828,3.187898089,10455.03902,8986.052204,8,33000,16.85154414
G24051002802006,880,36250,3.29588015,10234.83237,8670.548178,1,40200,22.94520548
G24051002803011,1113,22039,2.435448578,8396.326236,7692.285146,1,60010,38.07741117
G24051002803012,1111,28990,2.703163017,9603.468809,8632.026464,1,125000,111.8067979
G24051002803013,2203,22039,2.062734082,8748.755887,7731.935362,,,
G24051002803021,1428,24741,2.514084507,9120.32401,7746.195371,1,58000,39.45578231
G24051002803022,1245,24741,2.64893617,8773.85456,7515.329266,4,83000,52.1213359
G24051002804011,831,41343,2.541284404,8082.612949,7663.299897,3,123500,77.91798107
G24051002804012,653,41343,2.732217573,7468.754778,7172.832112,6,118950,66.11299595
G24051002804013,788,30691,2.079155673,7888.906769,7740.551453,3,87600,55.39772727
G24051002804014,915,44231,2.85046729,8339.543048,8207.227913,8,76500,60.76388889
G24051002804015,668,30850,2.609375,8417.408846,8161.625629,3,51000,49.8046875
G24051002804021,711,43906,3.62755102,6903.674427,6495.590565,1,52000,51.58730159
G24051002804022,1444,34281,3.098712446,7395.863185,6766.737248,5,60400,43.71761658
G24051002804031,1048,24205,2.581280788,6682.45359,6995.163277,4,35300,31.81773879
G24051002804032,1038,31266,2.135802469,7273.73515,7564.09116,2,90750,52.84038271
G24051002804033,2143,31266,2.503504673,7841.010989,8224.715817,6,96450,58.73286693
G24051002804034,706,34444,2.664150943,7978.444492,8053.259165,5,105000,64.33823529
G24051002804035,710,24205,2.49122807,7399.942392,7424.491754,2,162000,66.92119754
G24051002804041,2474,10800,2.645989305,6424.349702,6609.494945,7,45000,41.9921875
G24051002804042,1702,10800,1.920993228,6960.683262,6862.668294,,,
G24051002805001,855,5947,2.065217391,3338.276947,1524.246531,,,
G24051002805002,1185,5014,3.328651685,3518.964491,761.9154699,,,
G24051002805003,1207,4999,2.186594203,3673.806315,1176.449776,,,
G24051002805004,1436,5014,3.324074074,3385.162563,1116.647381,,,
