,GISJOIN,Shape_Area,fld_area,perc_fld_area
0,G24000307301003,18767129.5795,496.69799800000004,2.6466380801385888e-05
1,G24000307501021,657493.7461439999,11306.0996094,0.01719575231811226
2,G24000307502012,2469091.74669,1255.5699462999999,0.0005085149014746756
3,G24000307503001,1989940.4733800003,8326.9804688,0.0041845374674229635
4,G24000307512003,18490286.2786,36346.7001953,0.001965718629103454
5,G24000504001002,419841.12695699994,4743.4300537,0.01129815482365981
6,G24000504001003,460366.485637,15016.016616799998,0.032617527742104496
7,G24000504005001,5796995.940649998,89461.9804687,0.015432472505521355
8,G24000504006001,164545.711195,14.3269997,8.707002811529584e-05
9,G24000504006002,311779.0439039999,38911.7761841,0.12480561777616252
10,G24000504006003,492545.611848,39777.3007813,0.0807586136684034
11,G24000504007012,949882.5504350001,34258.69921879999,0.03606624756198666
12,G24000504008001,927377.264709,1605.3599854000001,0.0017310754171914523
13,G24000504008002,545498.1130890001,4271.3798828,0.007830237686089132
14,G24000504010002,767552.7567239999,6460.1601563,0.008416568241996393
15,G24000504011011,665792.9602670001,7824.620117199999,0.011752332307722395
16,G24000504011013,868279.091339,16533.5,0.019041688513428533
17,G24000504011014,518509.8351989999,2810.8200684,0.005420958056313878
18,G24000504011021,3464317.35904,461899.16519170004,0.13333049987074433
19,G24000504012001,846644.5406039999,6137.6620232999985,0.007249396563664562
20,G24000504012002,1108551.5815,67588.4370118,0.0609700424768191
21,G24000504013011,509788.25140000007,12635.2566719,0.0247853037750489
22,G24000504014001,2871557.55078,147701.7385254,0.05143610598550596
23,G24000504015033,937979.381185,19184.6201172,0.020453136286389402
24,G24000504015034,1709860.70441,37825.1992188,0.02212180157204786
25,G24000504015061,2003782.68335,1761.4300537000001,0.0008790524383388594
26,G24000504015071,1634356.67722,92231.8839435,0.056433142917361304
27,G24000504015072,667271.1640049999,6227.0,0.009332038211609786
28,G24000504022011,9560620.16939,148272.3984375,0.015508659042037885
29,G24000504022012,32919004.6235,216222.7529297,0.006568325968621309
30,G24000504022021,20888856.093199994,492180.2700195,0.02356185842937186
31,G24000504023022,1784547.49244,79249.6015625,0.04440879376885764
32,G24000504023041,469728.6929450001,867.026001,0.001845801659600809
33,G24000504023051,773773.2445879999,149962.317749,0.1938065431932172
34,G24000504023052,836549.1857049998,213845.40112310002,0.25562800702851957
35,G24000504023062,405119.773126,66325.8984375,0.16371923277334424
36,G24000504023071,376445.811365,7299.009765600001,0.019389270766843297
37,G24000504023072,1293511.44827,57708.30078130001,0.04461367609732536
38,G24000504023073,565473.522238,19045.0,0.033679737867521625
39,G24000504024031,467686.73999,66741.69091800001,0.142705972205727
40,G24000504024032,1652320.30965,397559.6369324,0.24060688149297907
41,G24000504024042,583249.5383469999,12333.4003906,0.021146009691759646
42,G24000504024051,343456.849306,3459.6800537000004,0.01007311416467816
43,G24000504024052,1069162.55634,6457.3503418,0.006039633826969269
44,G24000504024071,2114660.53209,7950.990234299999,0.0037599369324974974
45,G24000504024072,4376425.87731,156876.0,0.03584568878758776
46,G24000504025032,3614515.0955,111297.0,0.030791682164659533
47,G24000504025033,219641.928835,16241.799804700002,0.0739467181464301
48,G24000504025041,2396732.1822099993,20698.9003906,0.008636300936850517
49,G24000504025042,5576071.39538,284830.0,0.05108076633236675
50,G24000504025051,514371.702763,10662.4003906,0.020728979322396295
51,G24000504025052,740273.4663879997,8697.0595703,0.011748441576239893
52,G24000504025061,933043.953219,44768.6992188,0.04798134006908042
53,G24000504025062,1359483.2323,72113.0,0.05304442032580117
54,G24000504025091,2176603.04459,70148.796875,0.03222856691731482
55,G24000504025092,679682.5750340002,33192.30078129999,0.04883500328022915
56,G24000504025093,832163.2705429997,72716.296875,0.08738224750961607
57,G24000504026032,3511385.8854800006,223851.93811040002,0.0637503098238375
58,G24000504026033,1952264.53151,254144.6992188,0.13017943783582908
59,G24000504026041,1602896.2405,104531.8432617,0.06521435425482863
60,G24000504026042,1538925.30214,129540.0,0.08417562556146432
61,G24000504026043,488538.931908,79889.1015625,0.16352658170044151
62,G24000504031001,1144447.6142,149614.9346618,0.1307311342218009
63,G24000504031002,769152.361816,106794.8233032,0.13884742296188637
64,G24000504032011,1326934.92202,8492.5703125,0.0064001407842757775
65,G24000504032012,437596.748258,16938.6992188,0.03870846683900223
66,G24000504032021,1165727.6032900002,22175.064632499998,0.01902250969258679
67,G24000504033002,1153192.64193,233728.42343139998,0.2026794266049328
68,G24000504034011,1017056.6557600003,11520.7998047,0.01132758901822537
69,G24000504034012,796665.947644,2413.9540596,0.0030300705919951093
70,G24000504035001,1069902.0127200002,8969.5498047,0.008383524563989567
71,G24000504036013,1719591.64349,61904.3598633,0.03599945376430296
72,G24000504036021,1381303.7675000003,6488.2700195,0.00469720721260539
73,G24000504037013,1889166.36035,30174.699218799997,0.0159724944568723
74,G24000504037014,5233647.726059999,64954.5,0.012410942310192345
75,G24000504037015,2216843.3619,124708.0,0.05625476393294471
76,G24000504037021,3571316.7456899993,340002.540039,0.09520369215341315
77,G24000504037022,2761614.8418099997,415719.3786239,0.15053488717182295
78,G24000504038011,11267826.8774,923093.0,0.08192289516370344
79,G24000504038021,4249275.510899999,129675.0,0.030516966872909296
80,G24000504038022,5433306.8852,388448.0,0.07149384494700803
81,G24000504038031,3487902.84638,12615.7001953,0.0036169872702714453
82,G24000504038032,2288326.5670899996,206297.0,0.09015190531233577
83,G24000504041011,8358873.504999997,150050.621994,0.0179510578673364
84,G24000504041012,4489752.3812299995,431144.0,0.09602845845184117
85,G24000504041022,2385543.52647,143397.417717,0.060111004526164254
86,G24000504042011,587932.1906849998,22459.5,0.03820083396663897
87,G24000504042012,702014.1785769999,46101.8984375,0.06567089361492624
88,G24000504042013,1112908.39412,159526.9496612,0.14334239053641185
89,G24000504042021,2482846.3732999996,228068.0913086,0.09185751231376843
90,G24000504042023,921215.2509630002,195076.7402345,0.21176021568311518
91,G24000504042024,2147929.8408799996,75944.2979739,0.03535697327189508
92,G24000504044021,5158760.45958,102330.4980469,0.01983625695526697
93,G24000504044022,1330441.00712,813.1770019999999,0.0006112086125188525
94,G24000504044023,4392861.41348,34000.4774056,0.007739938551502133
95,G24000504044031,1187238.0581400003,28349.5,0.02387853034665521
96,G24000504044032,1114797.6703100002,4655.9501953,0.004176497959495452
97,G24000504044042,2449881.9338299995,50263.6015625,0.02051674444732154
98,G24000504045014,649255.52899,126823.98986809999,0.19533755848855214
99,G24000504045021,482089.398952,5281.2001953,0.010954815033851907
100,G24000504045023,304829.51094,25056.4003906,0.08219807955382602
101,G24000504046001,24486974.8274,455175.4960938,0.018588474048026375
102,G24000504046002,38993690.48099999,2570140.0,0.06591168900138658
103,G24000504048001,14994459.798099998,218630.5,0.014580752020669892
104,G24000504048002,8613759.09404,76157.796875,0.008841412447637967
105,G24000504049001,5078524.20315,27174.237915,0.005350813903406217
106,G24000504049002,12262106.907900002,636339.0,0.05189475224604602
107,G24000504049003,8726460.45934,231181.0,0.02649195525232285
108,G24000504050001,68678795.8814,2260887.4743117997,0.03291973083244033
109,G24000504050002,55533749.9718,2148297.0,0.038684529697542554
110,G24000504060001,37123239.5273,496521.5,0.013374950740354
111,G24000504060002,18870470.6512,826637.0,0.04380584964092737
112,G24000504060003,29065768.4351,876119.0,0.03014264019739431
113,G24000504060004,10713618.0394,425289.0,0.03969611371583093
114,G24000504070011,28773111.4781,225397.0913086,0.007833601572084266
115,G24000504070012,21343826.3135,1055753.0200195,0.04946409348129557
116,G24000504070021,18499140.3886,1089410.0,0.05888976336821269
117,G24000504070022,45882436.8941,2551798.2149964,0.05561601317920701
118,G24000504070023,32983371.62840001,1388915.6015625,0.042109570155847494
119,G24000504081001,11539576.4721,1001240.0,0.0867657493687714
120,G24000504081002,8096329.017929999,494987.796875,0.06113731245096488
121,G24000504081003,1635107.5987900004,43335.8007813,0.026503332755207682
122,G24000504081004,5002134.68,66163.9235229,0.013227137563377244
123,G24000504082001,23673394.0174,1864858.6992188,0.07877445447189045
124,G24000504082002,19842422.7229,435969.0,0.02197156093730688
125,G24000504083021,5845128.459200001,88559.8984375,0.015151061102534063
126,G24000504083022,5110211.106570001,107673.0,0.021070166721990993
127,G24000504083031,9071106.49822,249675.5976563,0.027524271455229104
128,G24000504083032,5586803.394950001,167490.0,0.029979576541282416
129,G24000504083041,4019086.49298,114368.0,0.028456217650394598
130,G24000504083042,8509681.68782,383478.751709,0.04506381857477434
131,G24000504083043,4141873.9909299994,203167.0,0.04905195098762088
132,G24000504084001,10028141.687499998,900364.7967531001,0.08978381287486174
133,G24000504085021,10006737.4538,102225.5875549,0.010215675990987496
134,G24000504085023,4727926.26845,4346.0,0.0009192190726410776
135,G24000504085052,2647403.16384,90004.1015625,0.03399712699290992
136,G24000504086022,1039265.10309,2156.5900879,0.0020751106541419587
137,G24000504087021,1242155.6243300003,189740.9640504,0.15275136249754806
138,G24000504087022,972104.8419380002,23812.530105700003,0.02449584559030387
139,G24000504087031,626348.6991910002,1740.0699462999999,0.0027781169635180784
140,G24000504087032,1184129.8968600002,10650.9003906,0.008994706086590141
141,G24000504087042,3169124.82735,67327.1992188,0.02124472934538793
142,G24000504088001,1641927.7340600004,36551.45513920001,0.022261305647611602
143,G24000504088002,1295724.0639699998,161813.44440659997,0.12488264199617927
144,G24000504089002,7258623.184769998,115624.0507813,0.01592919867005932
145,G24000504101001,22799414.5838,683871.8007813001,0.029995147387127274
146,G24000504101002,28430736.4424,1348380.0,0.04742684041026464
147,G24000504101003,30800860.866099995,1157713.0,0.03758703385054411
148,G24000504101004,13358505.547099998,179456.3083496,0.013433861124424821
149,G24000504102001,11458332.0563,169267.0996094,0.014772403066843735
150,G24000504102002,8476653.23248,246954.0,0.029133431936763217
151,G24000504102003,15805269.9708,182283.6722413,0.011533094504432153
152,G24000504111011,21409442.5051,110259.76599130001,0.005150053111613473
153,G24000504111022,11168709.2577,1601750.0,0.14341406540739807
154,G24000504111023,7151367.234270003,188903.8499756,0.02641506774681568
155,G24000504112011,11551021.185900003,952665.0,0.08247452624906364
156,G24000504112012,8471402.091469998,536753.0,0.06336058591062109
157,G24000504112013,9046018.55306,112379.8568268,0.012423129155399002
158,G24000504112014,7842578.087539999,134058.0,0.01709361366933489
159,G24000504112021,10691775.412799997,12474.4799805,0.0011667360657020333
160,G24000504112022,10038270.221500004,198605.5,0.019784833005852542
161,G24000504112023,13906018.738099996,585802.7683409998,0.04212584344762929
162,G24000504113021,19126370.330299985,3069136.4108927,0.16046622322430806
163,G24000504113031,619107.821878,1254.8499755999999,0.0020268682307930485
164,G24000504113033,960510.6879039998,10830.4003906,0.011275668794726067
165,G24000504113034,808177.6961089999,19197.9003906,0.02375455358769361
166,G24000504113061,765701.7021460001,147475.76559640002,0.19260211278501257
167,G24000504113062,1011731.8170700003,25485.0,0.025189481609667247
168,G24000504113063,883912.280362,17689.999389600005,0.020013297453402492
169,G24000504113071,892345.2420769999,105267.3459473,0.11796706138341975
170,G24000504113072,900582.7162839996,33550.2502799,0.03725393533903875
171,G24000504113081,2347127.397670001,186576.6782227,0.07949150029432366
172,G24000504113082,849871.973053,19339.4003906,0.0227556632102209
173,G24000504113083,920233.534837,11946.8304444,0.012982389787083918
174,G24000504113091,4216876.18792,73211.51358030002,0.01736155161254854
175,G24000504113092,2480341.07311,43604.0009766,0.017579840711957687
176,G24000504113093,2356126.00894,71285.796875,0.030255511209721267
177,G24000504114041,2965319.97969,104099.0600586,0.035105506579928246
178,G24000504114042,615743.341872,49009.8984375,0.07959468678702841
179,G24000504114062,1128613.8778,31739.300781299997,0.02812237329844749
180,G24000504114063,793884.9829629998,44612.3984375,0.05619504008123961
181,G24000504114071,926364.1426819998,6692.5202637,0.007224502714800559
182,G24000504114073,687322.9575640002,42536.3808117,0.06188703628125097
183,G24000504114074,428360.564161,48127.5897217,0.11235298892642967
184,G24000504114075,188964.541122,9588.7399902,0.05074359418579638
185,G24000504114082,606331.4199870002,1550.5899658,0.0025573307182946993
186,G24000504114091,1091355.7223900002,13005.9003906,0.011917196312599064
187,G24000504114092,1294139.60664,20630.5250854,0.015941498876588314
188,G24000504114102,705729.28287,63236.30078130001,0.0896041900431508
189,G24000504202001,474402.959903,2687.75,0.005665542222901724
190,G24000504202002,1307348.1008899997,285715.935669,0.21854618175105314
191,G24000504203011,551509.04508,29961.5,0.054326398211028235
192,G24000504203021,316233.015559,22225.9003906,0.07028330154367858
193,G24000504203031,856216.438099,9170.8896485,0.010710947887033695
194,G24000504204011,193077.45949500005,155.7749939,0.0008068005157486235
195,G24000504204012,476302.91924600006,129467.7495117,0.27181808945586733
196,G24000504204021,366929.672218,102396.4980469,0.27906300798171557
197,G24000504211022,1717913.52448,30688.3408203,0.017863728518924805
198,G24000504212001,722458.9718700001,194503.68234260002,0.2692245371929566
199,G24000504212002,181241.58705,19762.8803711,0.10904164266475948
200,G24000504213001,384664.643115,183512.1563416,0.477070507066949
201,G24000504213002,290326.910944,198438.4960938,0.6835001807051776
202,G24000504213003,1383195.7469299997,210708.1877442,0.15233432304275546
203,G24000504301011,356903.4118569999,5330.4599609,0.0149353012154329
204,G24000504301012,1110566.14756,133085.3984375,0.11983563404115906
205,G24000504301041,647594.1973100002,34759.7001953,0.05367512608927949
206,G24000504303001,874025.462252,55360.80078130001,0.0633400320382638
207,G24000504303003,854936.724595,6812.5,0.00796842597120531
208,G24000504304002,1805276.6793799996,72662.480143,0.040250051957661716
209,G24000504304003,1943336.99652,57439.3400879,0.029557066113987736
210,G24000504306001,1301852.3575199996,85081.2047348,0.06535395833739384
211,G24000504306002,3377979.8023899994,669248.970459,0.19812106928096218
212,G24000504307001,505254.0924089999,54179.023283,0.10723124086868838
213,G24000504308001,647323.320342,24556.8622894,0.03793600742890876
214,G24000504308003,511488.540374,14479.8714066,0.028309278241135823
215,G24000504309001,803135.6789140002,34238.5861435,0.04263113573760962
216,G24000504309002,191231.324187,252.37300109999998,0.0013197262643708475
217,G24000504401001,700720.755654,686.9329834,0.0009803234424801196
218,G24000504403001,1228554.1545500003,28015.882954200002,0.022803946289581163
219,G24000504404002,801391.993393,28662.6992188,0.03576614123313796
220,G24000504404003,946054.207425,13020.9897461,0.013763471103353514
221,G24000504405001,2580347.3108500005,162444.2159197,0.06295439967970386
222,G24000504406001,6143182.792449997,185573.2394666,0.030207995714317742
223,G24000504407011,1408041.11051,208299.7949219,0.14793587585411672
224,G24000504407021,1346203.4729600004,308144.2597656,0.22889872590215482
225,G24000504407022,1514238.13941,183716.7297058,0.12132618042323412
226,G24000504408001,2939098.03627,130254.3968582,0.044317812897287846
227,G24000504409002,1189309.8369999996,9796.8203125,0.008237399546960952
228,G24000504410001,1064836.1375000002,5963.8600463,0.005600730324857142
229,G24000504411011,979839.5732839998,71273.54003919999,0.07274000967354463
230,G24000504411012,550451.91059,14591.2700195,0.026507801569551095
231,G24000504411021,620585.956994,66975.2783202,0.10792264563093801
232,G24000504411022,441278.360542,17537.693176299996,0.039742925881884016
233,G24000504501002,3379254.8185400004,532298.7973023001,0.15751957928176563
234,G24000504501003,4645611.004770001,374514.0913087,0.08061675653087569
235,G24000504502001,1220999.7735699995,242211.1228638,0.1983711447837661
236,G24000504504001,585230.925047,124808.1932679,0.2132631546391309
237,G24000504504002,606272.1773580002,3649.9330444,0.006020287885064427
238,G24000504505011,963905.5703979998,738.6619873,0.0007663219406388573
239,G24000504505012,937899.5262400002,58287.9003907,0.06214727565155486
240,G24000504505013,514332.16074500006,99757.3984375,0.1939552025932101
241,G24000504505031,226807.2316,34134.2475586,0.15049893831780273
242,G24000504505033,359929.8589129999,60410.3994141,0.16783936624913923
243,G24000504508001,777202.452947,41454.6135864,0.05333824337431283
244,G24000504508002,821077.963724,30197.9296875,0.03677839501444815
245,G24000504509001,1299357.3436399999,73815.77081310001,0.05680944597297125
246,G24000504509002,3923302.3870300013,279652.0858156,0.0712797684777239
247,G24000504510001,4214069.951220003,554116.7822898001,0.13149207030352675
248,G24000504510002,9458711.913649991,1053857.6508177998,0.11141661364027422
249,G24000504511001,2656258.73817,292997.51907389995,0.110304585492209
250,G24000504512001,4019950.749080001,352491.5087891,0.0876855291995233
251,G24000504512002,1019028.4996299999,54958.0019531,0.053931761450297766
252,G24000504515002,134979.647588,5933.529785199999,0.04395869963530342
253,G24000504515003,440939.68066500005,63478.1289063,0.14396102616703924
254,G24000504516001,3901581.923079999,263402.52059950004,0.06751172365273929
255,G24000504516002,1525333.7654399995,136963.1763306,0.08979226673782537
256,G24000504517011,11769782.032900002,390910.1015625,0.033213028114691616
257,G24000504517012,4660199.34287,528625.4299316,0.11343408104213075
258,G24000504517021,6131363.909950002,610741.8017578,0.0996094524362982
259,G24000504517022,866256.685451,195261.6877442,0.22540857810816287
260,G24000504518011,555877.0263919999,24061.8838589,0.04328634341137847
261,G24000504518012,4641459.93088,1758488.6979981002,0.3788654268668218
262,G24000504518013,2521945.1836000006,612420.4199218999,0.24283653106515513
263,G24000504518014,2836296.73136,1041549.0688478001,0.3672214748660585
264,G24000504518021,2560314.271389999,786508.7069092,0.30719225202076583
265,G24000504518022,6069322.42421,4421440.813171599,0.7284900198306908
266,G24000504518023,2371922.0777800004,276403.0662842,0.11653125913094892
267,G24000504518031,2690155.13341,873158.2139894,0.32457541319656086
268,G24000504518032,981364.606406,185683.5976563,0.1892095928915954
269,G24000504519001,1985807.6107699992,520864.29638700007,0.2622934334434514
270,G24000504519002,9961811.296620008,2503722.3550099004,0.25133203997343345
271,G24000504519003,1602831.0835200003,199162.3865967,0.12425662856457502
272,G24000504520001,499789.55442200013,215651.91778559997,0.43148544397851313
273,G24000504521001,1230268.7762199999,79378.1774293,0.06452100464842277
274,G24000504521002,654904.2391150001,113944.0815431,0.17398586653993486
275,G24000504521003,1013309.61102,55126.5095216,0.054402434282755416
276,G24000504523002,2165059.29195,97186.54510500001,0.04488862982475976
277,G24000504524001,5382923.88227,254259.5524902,0.04723446923105622
278,G24000504524002,7039777.505150002,610660.5025329001,0.08674429015493271
279,G24000504525001,540012.9367120002,72560.59082040002,0.13436824543908668
280,G24000504525003,348569.33834,7291.120117199999,0.020917273309014134
281,G24000504901001,6770962.647659998,152313.2693482,0.02249506861492413
282,G24000504901002,5475797.65437,16919.1990051,0.003089814502476641
283,G24000504901003,3336455.52736,15071.200195299998,0.004517129052586299
284,G24000504902001,958381.671927,37188.6992188,0.03880364191859531
285,G24000504903021,753239.08056,6251.9301758,0.008300060813562628
286,G24000504904001,2531865.5279700006,313900.08535009995,0.12397976191167577
287,G24000504904002,3514595.06258,214319.9759521,0.06097999118987313
288,G24000504905002,2794061.07487,96551.1992188,0.03455586568496619
289,G24000504905003,2580559.85943,67753.89965830001,0.02625550397938285
290,G24000504906051,1700863.7066800003,7189.1801758,0.00422678204465478
291,G24000504907011,1310031.8761900002,8083.009765600001,0.006170086325767911
292,G24000504910001,716173.54681,19035.3007813,0.02657917325498486
293,G24000504911001,364285.591319,4367.4101563,0.011988973103455848
294,G24000504913001,1350823.99064,40573.8984375,0.030036406459050747
295,G24000504914013,597958.8160320001,8165.299804699999,0.013655287932510436
296,G24000504914021,695363.896802,4257.350097699999,0.0061224779101700325
297,G24000504917012,582725.547797,7638.370117199999,0.013108006240805704
298,G24000504920012,355697.164456,29988.5,0.0843090780491999
299,G24000504920021,394501.645341,7750.549804699999,0.019646432140987817
300,G24000504920022,401686.721835,20520.9003906,0.05108682780664412
301,G24000504921022,633556.0477609999,70555.296875,0.1113639387144103
302,G24000504922001,1603706.12222,597.117981,0.0003723362857612674
303,G24000504922002,752465.372712,19529.0,0.025953353746517933
304,G24000504923002,938503.621418,23357.8007813,0.02488834379350431
305,G24000504924021,2184303.00018,13262.5,0.006071730890314708
306,G24000504924022,1018913.5903000002,63622.6015625,0.06244160659763848
307,G24000504925001,1839395.61925,9845.4205856,0.005352530191201825
308,G24000504926001,1926752.9759400003,18934.6401367,0.009827227658731084
309,G24000504926002,1326032.06878,55523.6694641,0.041872041235913614
310,G24000504926003,1072455.9726599997,19562.1992188,0.0182405615871392
311,G24000509800001,12748181.661499994,401324.29882799997,0.03148090523686331
312,G24000509801001,1747779.65826,706008.7402344,0.4039460791855572
313,G24000509802001,2348982.64968,800421.4213867,0.3407523769899879
314,G24001305052061,20966957.0142,231.5950012,1.104571355028538e-05
315,G24002503013012,4774673.131960001,31.472799300000002,6.591613379632635e-06
316,G24002503014014,2053159.4762899997,33231.4715366,0.016185528654913996
317,G24002503042011,21855042.138199996,28031.199218799997,0.0012825964389153392
318,G24002503042012,16619581.7612,3858.9000244,0.0002321899600030231
319,G24002503042015,9115785.418379998,4937.3798828,0.0005416296738232614
320,G24002706011041,9946728.209050002,2579.2101765,0.00025930236780304436
321,G24002706012013,2191699.5938800005,1430.8150024,0.0006528335390467475
322,G24002706012014,2151632.66267,13322.0,0.00619157732225002
323,G24002706027001,3474420.91723,10239.7998047,0.0029471961079671756
324,G24051000101003,172430.699452,5314.4599609,0.03082084557906349
325,G24051000104002,216264.91620899996,22454.559692500003,0.10382895240760992
326,G24051000203001,129163.44786700002,7986.8598633,0.061835294699813935
327,G24051000203002,357100.673849,65174.0804443,0.1825089819680902
328,G24051000203003,176510.48505699993,64625.476470999994,0.36612825833055024
329,G24051000302001,274261.404455,41112.6852112,0.14990328403260855
330,G24051000302002,233748.508196,30010.2557984,0.128386940434444
331,G24051000401001,814875.857417,276867.0,0.3397658643092154
332,G24051000801011,1973172.4544599997,107617.0,0.05454008835200959
333,G24051000902001,1486065.74057,33038.30078129999,0.02223205870328975
334,G24051001001002,126799.67578099998,20950.4003906,0.16522440031143412
335,G24051001003001,156308.913715,42740.3007813,0.27343482700691607
336,G24051001101001,133953.782641,6395.169921899999,0.047741615024334466
337,G24051001101002,179967.41481900003,40323.1992188,0.2240583344454581
338,G24051001102001,410356.31838599994,14747.900390600002,0.03593925505669308
339,G24051001201002,207743.06000799997,22176.3864746,0.10674910860437894
340,G24051001202021,674398.87298,17121.599609399997,0.025387942203615982
341,G24051001205001,262995.365565,88834.3027344,0.3377789663462506
342,G24051001205002,271554.4775,62981.19921880001,0.23192841377030882
343,G24051001207001,221487.598902,4419.6298828,0.01995429949446299
344,G24051001207003,706446.23102,98107.7525578,0.13887504561549924
345,G24051001304001,2624184.5078400006,3655.8701171999996,0.0013931452252224415
346,G24051001306001,447618.7368240002,45252.597929,0.1010962996099802
347,G24051001306002,163771.96061699998,10476.7001953,0.06397126929316672
348,G24051001306004,173560.14450499997,0.049619699999999996,2.858934010542411e-07
349,G24051001307003,172021.37266299996,9884.1796875,0.05745902113491265
350,G24051001308031,324590.567429,56741.0637181,0.1748081103142696
351,G24051001308041,295251.4919449999,59260.2827759,0.2007112051678951
352,G24051001308042,442728.9323660001,88126.511879,0.1990529767459304
353,G24051001308051,1638720.17499,106957.74156960001,0.06526906985218066
354,G24051001308061,1407180.2650999997,180154.805724,0.12802539247606454
355,G24051001507011,797247.271454,13779.617098700002,0.01728399405314875
356,G24051001509004,836051.36838,112265.4939073,0.13428061737980837
357,G24051001606005,83976.4562706,9393.2142843,0.1118553306659184
358,G24051001607004,421718.063172,129876.46960450002,0.30796989967093064
359,G24051001608023,1016657.3975799999,86926.87302010001,0.08550262185374972
360,G24051002002005,539061.6671210001,1035.6856283,0.0019212748586471564
361,G24051002005004,291798.849416,3733.0980528,0.0127933953827143
362,G24051002006001,1300533.3778299997,244062.18896129998,0.18766314892165942
363,G24051002006002,406720.647573,23020.9437232,0.05660136474647036
364,G24051002008001,730703.132569,38991.278076200004,0.05336131232818832
365,G24051002101001,1038188.5964100002,190260.2807922,0.1832617709827576
366,G24051002102001,2029342.4907799999,368314.313263,0.18149440764009941
367,G24051002201002,375309.317473,25235.0898438,0.06723811178925881
368,G24051002201003,248875.68944700004,161027.4436035,0.6470195781729497
369,G24051002303001,1216166.3570000005,89965.0305176,0.07397427991637821
370,G24051002401001,1045254.1480400002,97244.76388570001,0.09303456395561571
371,G24051002401002,836991.4887459998,56495.0120636,0.06749771392328272
372,G24051002402001,302478.339618,28584.5593263,0.09450117771209485
373,G24051002404002,886987.493761,50505.63775640001,0.056940642468639835
374,G24051002501011,224245.248324,31228.800781299997,0.13926181720550515
375,G24051002501012,738541.3820350001,41659.5996094,0.05640794222608059
376,G24051002501021,430793.085173,96520.6928865,0.2240534869489345
377,G24051002501031,470357.238013,13956.4995117,0.029672126596070925
378,G24051002501034,937021.65314,44808.21478269999,0.04781982853069162
379,G24051002502031,751801.9580239999,34988.91015620001,0.04654006255605289
380,G24051002502051,1256005.78474,25037.512359700002,0.019934233316356024
381,G24051002502061,1279527.96724,61929.2259025,0.048400056495899936
382,G24051002502071,678386.493814,18073.7340087,0.026642237387549547
383,G24051002503011,1149500.1355200002,213179.45545940002,0.1854540498709588
384,G24051002503012,756704.094062,185583.5976563,0.2452525354529063
385,G24051002503031,683488.8394129999,209262.9086914,0.30616872818453195
386,G24051002503033,228506.244288,8465.5555781,0.03704737086935077
387,G24051002504011,537174.0622560001,7752.751220699999,0.014432474993562299
388,G24051002504013,405029.369989,32175.9110565,0.07944093303005124
389,G24051002505001,4888569.648139999,137462.5691833,0.028119179857773263
390,G24051002505002,2428966.34132,82060.0138886,0.03378392384144987
391,G24051002506001,5710808.141680001,502259.9598085998,0.08794901655737385
392,G24051002601021,259166.836268,769.7880249,0.0029702412391374618
393,G24051002601022,182576.532335,29353.600586,0.16077422552938314
394,G24051002601023,268398.183548,31887.0800782,0.11880512623699391
395,G24051002602014,593045.8187459998,38864.150244000004,0.06553313254307831
396,G24051002602023,320979.610635,61817.1015625,0.1925888732938708
397,G24051002602024,200690.822947,19169.1992188,0.09551607262013347
398,G24051002602031,543841.8121600001,55245.314689599996,0.101583426383087
399,G24051002602032,346839.301035,21013.4501953,0.06058555109698916
400,G24051002603011,120062.478744,9563.2900391,0.07965261203286557
401,G24051002603012,143098.854401,19604.0,0.13699620505042287
402,G24051002603021,159047.180774,61286.80078130001,0.38533723441716466
403,G24051002603031,1218969.70376,130667.0,0.10719462476954777
404,G24051002604011,463148.467961,46750.9892579,0.10094169039081595
405,G24051002604021,461906.229819,68327.00122070001,0.14792396553619605
406,G24051002604022,876593.3552540003,132931.1820041,0.15164520835956152
407,G24051002604031,380105.827428,61960.9003907,0.16300960395677358
408,G24051002604032,1326782.6795400002,124278.63213930001,0.09366916983148123
409,G24051002604041,1963564.4135700013,155816.59327389998,0.07935395049791429
410,G24051002606054,445432.5514060001,11249.613388,0.025255481110419056
411,G24051002606055,139958.179436,7740.2099609,0.05530373424469585
412,G24051002606056,8457467.196089994,371266.6006848,0.043898083442338594
413,G24051002701012,708674.029361,69335.8984375,0.097838915446103
414,G24051002702002,465884.529109,40381.1015625,0.08667620201883178
415,G24051002703013,291342.347436,13199.2001953,0.04530477739148273
416,G24051002703014,412018.45051000005,26846.400390599996,0.06515824802838147
417,G24051002706003,341558.8875310001,9105.980468799999,0.026660060098636827
418,G24051002706006,182550.05157799996,8538.059570300002,0.04677106084876597
419,G24051002708011,168339.738509,2671.6008644999997,0.015870292351423412
420,G24051002708013,188414.239854,8705.9898681,0.04620664486318109
421,G24051002708023,209215.091553,7482.993240399999,0.03576698595141426
422,G24051002708024,270875.12859000004,8945.5,0.03302444209833683
423,G24051002708031,1105454.8046799998,133091.27264199997,0.12039503748009527
424,G24051002708032,560876.0742220001,41475.1005859,0.07394699558798395
425,G24051002708041,207303.25690399995,5862.850097699999,0.02828151465278245
426,G24051002708042,146058.67981699997,2398.6499023,0.016422508441848987
427,G24051002708051,212026.023184,5037.5498047,0.023759110929172707
428,G24051002708052,246895.06732000003,12180.209961,0.049333549241035515
429,G24051002709011,248172.881199,20222.5,0.08148553501212076
430,G24051002709021,536824.32147,66823.6015625,0.1244794598342996
431,G24051002709022,314715.873327,15776.0,0.05012775438755269
432,G24051002709031,616109.225029,20741.8007813,0.03366578512166198
433,G24051002711021,767161.650987,33152.8360458,0.04321492869611883
434,G24051002712004,829417.2652419999,22300.669116999998,0.02688715324788098
435,G24051002712006,1013082.4488600001,7490.879882800001,0.0073941463414249516
436,G24051002713001,1591249.76066,37113.994812,0.023323802290223936
437,G24051002713002,430091.8600360001,27951.0221472,0.06498849372517863
438,G24051002714002,739378.4924679997,25992.1203698,0.03515401196353428
439,G24051002714003,466621.9888570001,33935.4134141,0.07272570565571819
440,G24051002715011,1032882.0298699999,290546.08286400005,0.28129648349150643
441,G24051002715012,759221.6975869999,15391.332653,0.02027251421016757
442,G24051002715013,635886.939826,16455.4965348,0.02587802249768296
443,G24051002715014,627030.66477,17961.4902344,0.028645313927331485
444,G24051002715015,591600.3322470001,40762.7528235,0.06890251847674939
445,G24051002715031,744432.4806099999,135043.8318482,0.1814050775129303
446,G24051002719001,383000.4880480001,5613.5,0.014656639286831613
447,G24051002720032,323143.455972,85558.1308594,0.2647682609014787
448,G24051002720033,351268.831351,24840.3300018,0.07071600946278858
449,G24051002720034,664446.087381,86544.0393067,0.1302499043192872
450,G24051002720035,273703.453775,8495.119873,0.03103767875718323
451,G24051002720042,500960.77979000006,21339.6392212,0.042597424952399376
452,G24051002720052,278316.184272,8616.4498291,0.030959212277353928
453,G24051002720053,358559.698447,33197.9697266,0.09258700816178624
454,G24051002801021,1661700.67153,29954.049194399995,0.018026140151234337
455,G24051002802002,896047.576456,185.0070038,0.0002064700677298073
456,G24051002802004,364279.5893900001,5085.475219700001,0.01396036277578939
457,G24051002803011,1380276.9124600003,122911.1699219,0.08904819664254285
458,G24051002803012,765699.889661,50411.541233,0.06583720582135491
459,G24051002803013,1090189.0410200001,96596.1095319,0.08860491703486853
460,G24051002803022,683700.2461859998,95738.02096349999,0.14002923283642432
461,G24051002804011,802418.812423,67124.796875,0.08365306973836843
462,G24051002804022,416827.50123699993,28863.1005859,0.0692447127414681
463,G24051002804032,638699.689816,28174.400390599996,0.044112124743189755
464,G24051002804033,404197.67363599996,26198.883918800002,0.06481700818098571
465,G24051002805002,431891.5450430001,87587.8984375,0.20280067864903342
